path,class_name,sha256,source_split,exclusion_reason,policy_mode
/root/autodl-tmp/datasets_raw/tcmp300_raw/train/001.Veronica persica Poir./59a0769c13ca4d61f2fa1d7672533f09.jpeg,001.Veronica persica Poir.,f85dd57ebb6038a066a78e8aac158994829dd121e021204c2e235ddcb69f42d7,train,REVIEW,strict
/root/autodl-tmp/datasets_raw/tcmp300_raw/train/001.Veronica persica Poir./91278c313fc62a49982a21637540d2c6.jpg,001.Veronica persica Poir.,bb0e6f089b5ba437a433486ab533c6355aa1a022ae2e3bc89af476db6023563e,train,REVIEW,strict
/root/autodl-tmp/datasets_raw/tcmp300_raw/train/002.Lysimachia clethroides Duby/6763f8cc75fa310a559aeaa740b203b9.jpg,002.Lysimachia clethroides Duby,c6df5e6b05469eae645466bfd687f7b71a0cfa6097da7879f1eb9fd00d0d8750,train,CONFIRMED,strict
/root/autodl-tmp/datasets_raw/tcmp300_raw/train/002.Lysimachia clethroides Duby/717cbaa78a4f1a643be324fe6cd908ac.jpg,002.Lysimachia clethroides Duby,0a8b5835719dc7f7c2c84fb8e4d1704fc3ab724ab5bdaa96dff80c4a263b4d6b,train,CONFIRMED,strict
/root/autodl-tmp/datasets_raw/tcmp300_raw/train/002.Lysimachia clethroides Duby/95641cbce58166e3f0c76d40c2c05d9c.jpg,002.Lysimachia clethroides Duby,f5a5d06c7d47ab30029f12ca716c3fbe973f47039cc2ffacf5a4285fbb92a0e3,train,CONFIRMED,strict
/root/autodl-tmp/datasets_raw/tcmp300_raw/train/002.Lysimachia clethroides Duby/d07551b81b7ffa07a9fa05cbd2fa05c9.jpg,002.Lysimachia clethroides Duby,08da8c298473cf291d3d970bfa2f8d6fd1ba46bb8200a8739332f410a792cdfb,train,CONFIRMED,strict
/root/autodl-tmp/datasets_raw/tcmp300_raw/train/003.Alangium chinense (Lour.) Harms/4823b3954c3a43abe540590a731a1c6c.jpg,003.Alangium chinense (Lour.) Harms,7e401f8bfd287d3cf6b5a18aa0c9e61a4b31792c5c17ade20cd593f2d2585b21,train,REVIEW,strict
/root/autodl-tmp/datasets_raw/tcmp300_raw/train/003.Alangium chinense (Lour.) Harms/dbf1b61184444cf9783b70f80a6c8c5e.jpg,003.Alangium chinense (Lour.) Harms,1b41e5f9c424ee987b9630426e6457f11f3fbc21120de741f9f6c76ae3198e71,train,CONFIRMED,strict
/root/autodl-tmp/datasets_raw/tcmp300_raw/train/003.Alangium chinense (Lour.) Harms/faf939d1b604c1106814377d68ad8f3e.jpg,003.Alangium chinense (Lour.) Harms,88f8db238b4b323fb05c80615ca5ef4738c8e16a59e97ca8fe408eb57b26baaf,train,CONFIRMED,strict
/root/autodl-tmp/datasets_raw/tcmp300_raw/train/003.Alangium chinense (Lour.) Harms/ff426c95bcbe29d8664a43609d08b41f.jpg,003.Alangium chinense (Lour.) Harms,fc9762f5bd014aad7f4f136ed9991da41bf63826e0dda588cd9abcc6c69a4be5,train,REVIEW,strict
/root/autodl-tmp/datasets_raw/tcmp300_raw/train/005.Datura metel L./1f9eddfed69dce3436ea2f9f79ee2cef.jpg,005.Datura metel L.,3aed7bef866617c058c3d1240842bbf087657f7f02b0264b33bb4057fee5500d,train,CONFIRMED,strict
/root/autodl-tmp/datasets_raw/tcmp300_raw/train/005.Datura metel L./b7b10a1a0a4982ab1b27d327c03e409d.jpg,005.Datura metel L.,6dd63b804d6337ef2f3661a0bbb19059dc42349dc26004852a9d801e1c623162,train,REVIEW,strict
/root/autodl-tmp/datasets_raw/tcmp300_raw/train/005.Datura metel L./eb58501b8bb9c84779d1107592fad493.jpeg,005.Datura metel L.,bb4ad1c6bfa5e61d6ece62b5be4f82d6d224554a235f57a246eb3b8d2d190758,train,REVIEW,strict
/root/autodl-tmp/datasets_raw/tcmp300_raw/train/006.Bletilla striata (Thunb. ex A. Murray) Rchb. f./2681ad5719fbc8f087087d7b484f87ae.jpg,006.Bletilla striata (Thunb. ex A. Murray) Rchb. f.,64286e8d93f6a2194d8995c5690814324d64557a31404dcd20fbcbd36638d654,train,CONFIRMED,strict
/root/autodl-tmp/datasets_raw/tcmp300_raw/train/006.Bletilla striata (Thunb. ex A. Murray) Rchb. f./6f9b3e2a614468a89ae6f167910fd32c.jpg,006.Bletilla striata (Thunb. ex A. Murray) Rchb. f.,aecd530b1b09363bcdc23ccb022a107f2ef74429032ff416ac3df6e9b21d761b,train,CONFIRMED,strict
/root/autodl-tmp/datasets_raw/tcmp300_raw/train/006.Bletilla striata (Thunb. ex A. Murray) Rchb. f./84e3713f5285e8304630396e3bab5240.jpg,006.Bletilla striata (Thunb. ex A. Murray) Rchb. f.,1aed7dc4ac96f3c66d696096b661c81197e5b84a8c82f5c07c479da0ae618495,train,CONFIRMED,strict
/root/autodl-tmp/datasets_raw/tcmp300_raw/train/006.Bletilla striata (Thunb. ex A. Murray) Rchb. f./989b482712869dd7486fbd736d35d000.jpg,006.Bletilla striata (Thunb. ex A. Murray) Rchb. f.,fa48ae34bae45687b3e4d8ca7bb8b230c5a40d0d6e59bd2079259cb7218ae7fb,train,REVIEW,strict
/root/autodl-tmp/datasets_raw/tcmp300_raw/train/009.Chelidonium majus L./067fce4e33b3482d13a3e41000aa3f9d.jpg,009.Chelidonium majus L.,c7a9c6b4864e7674b712c4ae67f2a37b64e78187c6fa5d66ac6ad7b34a26750d,train,CONFIRMED,strict
/root/autodl-tmp/datasets_raw/tcmp300_raw/train/010.Cynanchum bungei Decne./c9d874f41f2be016f5ff60d6adeedc67.jpeg,010.Cynanchum bungei Decne.,8b93d83d64fdb2e37f057dfb8a08b24ee6e0da7b5e33e19be3282654023be1aa,train,REVIEW,strict
/root/autodl-tmp/datasets_raw/tcmp300_raw/train/012.Solanum lyratum Thunb./2674c8f98a1d97eefaa16904611cae08.jpg,012.Solanum lyratum Thunb.,5406c2995687b815be5645145447cbb17f458f31a4bd22084be4eef69ba659ab,train,REVIEW,strict
/root/autodl-tmp/datasets_raw/tcmp300_raw/train/012.Solanum lyratum Thunb./543bb9180bd9039f4af6666b2b12bfc4.jpg,012.Solanum lyratum Thunb.,05a14da151e7e24bd015a6622ee7be51e6c0c25c113d32a85de432e846530470,train,REVIEW,strict
/root/autodl-tmp/datasets_raw/tcmp300_raw/train/013.Angelica dahurica (Fisch. ex Hoffm.) Benth. & Hook. f. ex Franch. & Sav./5692cde93ac5c781beba5bc305e54ae1.jpg,013.Angelica dahurica (Fisch. ex Hoffm.) Benth. & Hook. f. ex Franch. & Sav.,410fc731c9003f274af3bbcd5747f78ec2c31188a3b621b7e8c6b792ee2caac7,train,REVIEW,strict
/root/autodl-tmp/datasets_raw/tcmp300_raw/train/014.Lilium brownii F. E. Brown ex Miellez var. viridulum Baker/61f3c5dfc87af118323a2c85f1eb58dd.jpg,014.Lilium brownii F. E. Brown ex Miellez var. viridulum Baker,9f4749baabc5a15ef365d75e40b19a7effa90319e4b7385ec034dde9f0df43c3,train,CONFIRMED,strict
/root/autodl-tmp/datasets_raw/tcmp300_raw/train/014.Lilium brownii F. E. Brown ex Miellez var. viridulum Baker/e3d1b74e1b16d843f82e433f5f2f5e60.jpg,014.Lilium brownii F. E. Brown ex Miellez var. viridulum Baker,4b9e4e57eb8b944f2b132ead9a63503b158d8bc5b9f42fe88d854a4e062199c8,train,CONFIRMED,strict
/root/autodl-tmp/datasets_raw/tcmp300_raw/train/015.Patrinia scabiosaefolia Fisch.ex Trev./074bb2647a2cd7c823853ee0f2e5b312.jpg,015.Patrinia scabiosaefolia Fisch.ex Trev.,5453b8f3cc29f152d4e12d741701128adee8aaf19f9b3fbc08639f2909f59e40,train,REVIEW,strict
/root/autodl-tmp/datasets_raw/tcmp300_raw/train/015.Patrinia scabiosaefolia Fisch.ex Trev./2d6b4280907bae3acbb23d12dbde2980.jpg,015.Patrinia scabiosaefolia Fisch.ex Trev.,95bf4ab6d1b754f94e4547c25fb94cbb889fea326731be69094c6ccc29c7be2f,train,CONFIRMED,strict
/root/autodl-tmp/datasets_raw/tcmp300_raw/train/016.Euphorbia maculata L./18af1a7e35966cd98f98a2976693a558.jpg,016.Euphorbia maculata L.,3abb18e017f298a10bea5ec223ec714d196011ac5863bb4651f9c565939b9b4c,train,CONFIRMED,strict
/root/autodl-tmp/datasets_raw/tcmp300_raw/train/017.Bothriospermum chinense Bunge/a8d591df9a6aa0cc2d205a268f15bd86.jpeg,017.Bothriospermum chinense Bunge,b7961c7dc22e56b5ef591e52566b2eadd934d7c88c56d2a7f046ce8533f46bef,train,CONFIRMED,strict
/root/autodl-tmp/datasets_raw/tcmp300_raw/train/017.Bothriospermum chinense Bunge/cdaa0245e12152592f8219800c714206.jpg,017.Bothriospermum chinense Bunge,fbb53109b3a2d8c069a5a952daac39d1a7cda3c37df9ae379eee65e91406d1d3,train,REVIEW,strict
/root/autodl-tmp/datasets_raw/tcmp300_raw/train/018.Lobelia chinensis Lour./16868b47ef589a415ca458fb24e9a7f3.jpg,018.Lobelia chinensis Lour.,b9df08d81763e3a632b37f422e336419197b1c90378608813b1c3e31a503e29e,train,REVIEW,strict
/root/autodl-tmp/datasets_raw/tcmp300_raw/train/018.Lobelia chinensis Lour./256d0b54404144891f71deebb48ed854.jpg,018.Lobelia chinensis Lour.,a4f645647c0eac2b9f367d0c6ae563812e802af0b7c15207c4f0175fcc71b18e,train,CONFIRMED,strict
/root/autodl-tmp/datasets_raw/tcmp300_raw/train/018.Lobelia chinensis Lour./50bf76076d13066010347031c8b4e7e5.jpg,018.Lobelia chinensis Lour.,12f0102610c4a963c31bbd4eda36034505b1c326ee725942aff5b7ae0dad30d9,train,CONFIRMED,strict
/root/autodl-tmp/datasets_raw/tcmp300_raw/train/018.Lobelia chinensis Lour./5f8aed546936fb331143631343fe3ab8.jpg,018.Lobelia chinensis Lour.,97099b6343b0414ff3f3106df05e1e3aad2c881abc2852e233a588c214ce9043,train,REVIEW,strict
/root/autodl-tmp/datasets_raw/tcmp300_raw/train/018.Lobelia chinensis Lour./88d1a75a0edf71d9bc243875f50fd9a4.jpg,018.Lobelia chinensis Lour.,36744ec9c21ff95cc256de99f0bdb5e319bfa123d0c9470f39a25812e81cbab6,train,CONFIRMED,strict
/root/autodl-tmp/datasets_raw/tcmp300_raw/train/018.Lobelia chinensis Lour./937cb37a90a1060417944c6a149e10bf.jpg,018.Lobelia chinensis Lour.,99c58a083125637615de790f76eeb428915126b63add2efb4a39a4f229071944,train,CONFIRMED,strict
/root/autodl-tmp/datasets_raw/tcmp300_raw/train/018.Lobelia chinensis Lour./9a40ecdf2fe02b07973c87a32a97bf81.jpg,018.Lobelia chinensis Lour.,4fd5441d138ff86a742b64289d8e0834d2fc9591dad269fd4e609bbba6b27d83,train,CONFIRMED,strict
/root/autodl-tmp/datasets_raw/tcmp300_raw/train/018.Lobelia chinensis Lour./b5602e07c0b3991cb2f090f58ede0c57.jpg,018.Lobelia chinensis Lour.,0f72b56b0c3efaf1585e6a0e8098105b4b0c4bab017ab1c4d620d6ca72be7d15,train,CONFIRMED,strict
/root/autodl-tmp/datasets_raw/tcmp300_raw/train/022.Polygonum aviculare L./38b0f5f7f31ca371d7898b46feb9a1ec.jpg,022.Polygonum aviculare L.,482794cc821fa4dbf9cdaf007bf44d1d72ab5482a50b7c590a54cf228f5e3702,train,CONFIRMED,strict
/root/autodl-tmp/datasets_raw/tcmp300_raw/train/022.Polygonum aviculare L./63aa54432f9d23bd4f59b715d3b50e58.jpg,022.Polygonum aviculare L.,d2574a0985bdf63456142ca4aa473bfcd8748455076e6b16daaf665a42c617cc,train,CONFIRMED,strict
/root/autodl-tmp/datasets_raw/tcmp300_raw/train/022.Polygonum aviculare L./e497b3231e92b69c934459f795646053.jpg,022.Polygonum aviculare L.,deba913b45af8b5e5ca205f5a60e872cabe3149275bdf1496d9d5a14aba4ebee,train,CONFIRMED,strict
/root/autodl-tmp/datasets_raw/tcmp300_raw/train/024.Areca catechu L./7d546c016b5d1761cf54fd88d59f22b5.jpg,024.Areca catechu L.,1d008e3bbc903d548edaf0acc83c29c865d34e1ae60c6ff90172427c4192e1c5,train,CONFIRMED,strict
/root/autodl-tmp/datasets_raw/tcmp300_raw/train/025.Descurainia sophia (L.) Webb ex Prantl/9cd7851dd50cb88f4460f45a15566dea.jpg,025.Descurainia sophia (L.) Webb ex Prantl,52d21992294a1ea631f75d4d55ecb5fcff274aba9be62a53311092c694d10e09,train,REVIEW,strict
/root/autodl-tmp/datasets_raw/tcmp300_raw/train/028.Atractylodes lancea (Thunb.) DC./5129b7d1c625e0f058a30a1f04c9b59d.jpg,028.Atractylodes lancea (Thunb.) DC.,0a24c71fb5fe67f17e8b277c6277a5de2b43071fcb5a2f96d4e356416e6ca898,train,CONFIRMED,strict
/root/autodl-tmp/datasets_raw/tcmp300_raw/train/028.Atractylodes lancea (Thunb.) DC./723f17d0cc22daa6e862f5f5e3fd4e64.jpg,028.Atractylodes lancea (Thunb.) DC.,8b73dde6d00ea7a23c49c62de7b304a8cf8738ed546066e4e8b0fc21f5aaf30a,train,CONFIRMED,strict
/root/autodl-tmp/datasets_raw/tcmp300_raw/train/029.Platycladus orientalis (L.) Franco/d164b134c8db01bc98b54ff23ccb3923.jpg,029.Platycladus orientalis (L.) Franco,957445794f2c605cf889208f5db5441848dba7878f8c13f14d8a903fcd8c5d6a,train,CONFIRMED,strict
/root/autodl-tmp/datasets_raw/tcmp300_raw/train/031.Hedera nepalensis var. sinensis (Tobler) Rehder/3e47bd2686b9dae21d271597f6f967ee.jpg,031.Hedera nepalensis var. sinensis (Tobler) Rehder,a71ef370c2eedaf7b26aeb51873cd2db47d74611041268518cb7fbefb0ca7989,train,REVIEW,strict
/root/autodl-tmp/datasets_raw/tcmp300_raw/train/033.Penthorum chinense Pursh/d1acd1fc638b5849feb4357710187ac1.jpg,033.Penthorum chinense Pursh,4a1d292144561108018ee81e3b5de6d1122169815f4f4a2865b11cd033045c3b,train,CONFIRMED,strict
/root/autodl-tmp/datasets_raw/tcmp300_raw/train/033.Penthorum chinense Pursh/df6592239c3f50d286f8d218edd83596.jpg,033.Penthorum chinense Pursh,c5dbf2b681ab33e34a70ee171efa8dcc18231fb562d5bc965e7a45c5d3438245,train,CONFIRMED,strict
/root/autodl-tmp/datasets_raw/tcmp300_raw/train/034.Thladiantha dubia Bunge/568b013c34997d05a6de00bc0ec87c84.jpg,034.Thladiantha dubia Bunge,9ce641392fefee73c7a8b4a58de0d9e25d032b8f41bfb1de2b5b5a72f980480f,train,CONFIRMED,strict
/root/autodl-tmp/datasets_raw/tcmp300_raw/train/034.Thladiantha dubia Bunge/6cc16cb2f9428197a0c6431293252901.jpg,034.Thladiantha dubia Bunge,7555a895c9f35bb9a114deee18b60cde7b3d891e263cc21707a9e7b16ee9ecda,train,CONFIRMED,strict
/root/autodl-tmp/datasets_raw/tcmp300_raw/train/034.Thladiantha dubia Bunge/7b4caf530f3d1b90ddc5e186d21270ec.jpg,034.Thladiantha dubia Bunge,c3291be3548567608f8f79e5891a53986682d9416628db4077c40ee3d4a48398,train,CONFIRMED,strict
/root/autodl-tmp/datasets_raw/tcmp300_raw/train/034.Thladiantha dubia Bunge/a5816b9fc4ee5d8be24710a697c04d47.jpg,034.Thladiantha dubia Bunge,a0a18bd1072a7ecb190eaf25edae9a1db81e13969bcd3bd5d7d7bc9a5db7d362,train,REVIEW,strict
/root/autodl-tmp/datasets_raw/tcmp300_raw/train/034.Thladiantha dubia Bunge/f8892a98746fd5c3ce3f71cf13a371ca.jpg,034.Thladiantha dubia Bunge,4a95590d878d5dd4b7b53f97b668a27117c310552abbd2f87d0c37fa5e08524e,train,REVIEW,strict
/root/autodl-tmp/datasets_raw/tcmp300_raw/train/035.Clerodendrum bungei Steud./317d4bda4f09d9e5d428168503efb84c.jpg,035.Clerodendrum bungei Steud.,616af8ee4537a9723cba66c8ddea54020a826c6c0aa478a534efa0f82fcddfbf,train,CONFIRMED,strict
/root/autodl-tmp/datasets_raw/tcmp300_raw/train/036.Cyathula officinalis K. C. Kuan/100ad14d81d587e9f41ff14be8e2ebcc.jpg,036.Cyathula officinalis K. C. Kuan,5751e97795f20bb122fa54d584e9f112ada753a2f2ed07a9d8f0d7871803f578,train,REVIEW,strict
/root/autodl-tmp/datasets_raw/tcmp300_raw/train/036.Cyathula officinalis K. C. Kuan/2c8846986baa559ec1e68573f760bdc2.jpg,036.Cyathula officinalis K. C. Kuan,4b3f484512a79946af9ba79510dedfba1d7fe7c7e2ee4dd18c0f91aab7d7e084,train,CONFIRMED,strict
/root/autodl-tmp/datasets_raw/tcmp300_raw/train/036.Cyathula officinalis K. C. Kuan/2e0172468fff2eaabf737ab3edcc7137.jpg,036.Cyathula officinalis K. C. Kuan,2f5b7fab6eac8dda9c3ca944d9ff02656fbe9da79010eebfe301eb2c10bfe718,train,CONFIRMED,strict
/root/autodl-tmp/datasets_raw/tcmp300_raw/train/037.Ligusticum chuanxiong Hort./091fb4a22836206940fcb15d62b589bb.jpg,037.Ligusticum chuanxiong Hort.,ab090f9f426d379b9359b4d2ac97b69b4e21de2710d099c5b6602513d93146d0,train,REVIEW,strict
/root/autodl-tmp/datasets_raw/tcmp300_raw/train/037.Ligusticum chuanxiong Hort./18b6bb9255d17afbc2317a6640230271.jpg,037.Ligusticum chuanxiong Hort.,f674b9a15b79a63c858f42ae6e4dcc2d6c2b6f2cbad3a621b83141bb52e4d518,train,CONFIRMED,strict
/root/autodl-tmp/datasets_raw/tcmp300_raw/train/037.Ligusticum chuanxiong Hort./73fbda4fcf0baeb155836ce9f516cb67.jpg,037.Ligusticum chuanxiong Hort.,27be2778a1591341039070702c13b550bba12d3630a4c7075ef65c5e41eb9747,train,CONFIRMED,strict
/root/autodl-tmp/datasets_raw/tcmp300_raw/train/038.Andrographis paniculata (Burm. f.) Wall. ex Nees in Wallich/ec7efec43d3472c0019c0e73186b6faf.jpg,038.Andrographis paniculata (Burm. f.) Wall. ex Nees in Wallich,a7348e520d973ef2941418854571f1d4fbd4b8894c69c63ec640085df29b22d1,train,REVIEW,strict
/root/autodl-tmp/datasets_raw/tcmp300_raw/train/039.Sagittaria trifolia subsp. leucopetala (Miquel) Q. F. Wang/811683fe3058c4124f935bc6011296a4.jpg,039.Sagittaria trifolia subsp. leucopetala (Miquel) Q. F. Wang,90a30118b31262d1a924d8da84a607762a41cfa2d3af4b44dfdde616e38ac8f9,train,CONFIRMED,strict
/root/autodl-tmp/datasets_raw/tcmp300_raw/train/041.Aralia elata (Miq.) Seem./2e538f1d8412adab3c48d74eca1418e4.jpg,041.Aralia elata (Miq.) Seem.,4122eed43ac623eefef46c65fae102d24e624e8d4d656561c50782c43458efcc,train,CONFIRMED,strict
/root/autodl-tmp/datasets_raw/tcmp300_raw/train/042.Euphorbia pekinensis Rupr./93c4a41ed3771b3270549fbc87d3677d.jpeg,042.Euphorbia pekinensis Rupr.,6850b552516f304ecab142c27e019de216f89cd892f7248e96f381c1c0f472c8,train,CONFIRMED,strict
/root/autodl-tmp/datasets_raw/tcmp300_raw/train/042.Euphorbia pekinensis Rupr./c00a2d87d456f9ed2150dc689e18720b.jpg,042.Euphorbia pekinensis Rupr.,76abaf4444ebd0fce4fbd47158894265c62e1940c0c6dd2e76216a038b1027e8,train,REVIEW,strict
/root/autodl-tmp/datasets_raw/tcmp300_raw/train/042.Euphorbia pekinensis Rupr./e089467b7e5e14b676be85d7baf5fc8a.jpg,042.Euphorbia pekinensis Rupr.,dc48b1fd94b9bf94e5db9fdcb3024205dc0cd2273092a77212b0930b51629663,train,CONFIRMED,strict
/root/autodl-tmp/datasets_raw/tcmp300_raw/train/043.Sargentodoxa cuneata (Oliv.) Rehd. & E. H. Wilson in C. S. Sargent/4af6dbe593dba574a9eb0b7e85c41947.jpg,043.Sargentodoxa cuneata (Oliv.) Rehd. & E. H. Wilson in C. S. Sargent,32a32b48c0d5d59a7b6bc0768c95cbfe31b2f2f332a3cba7487da80a52f1c951,train,REVIEW,strict
/root/autodl-tmp/datasets_raw/tcmp300_raw/train/044.Salvia miltiorrhiza Bunge/89a2ae2c8fb40c946b82ecfafeabc95c.jpg,044.Salvia miltiorrhiza Bunge,9df608b42546214c83737b6f369074050a86bb3ca8763f42b8c1c97102006ede,train,REVIEW,strict
/root/autodl-tmp/datasets_raw/tcmp300_raw/train/044.Salvia miltiorrhiza Bunge/d7c4014696b6947aac0385ebba47a495.jpg,044.Salvia miltiorrhiza Bunge,c4c1fa9a08ad6cd94da092ab233039dae51eb0b8c74be7c5df80fe6f232dce2e,train,CONFIRMED,strict
/root/autodl-tmp/datasets_raw/tcmp300_raw/train/045.Mazus stachydifolius (Turcz.) Maxim./77e22c21d8eddff825cfd5826e359c6a.jpg,045.Mazus stachydifolius (Turcz.) Maxim.,61d15d726557d8f06a43e5bbd4e82b7d7b44c16584b7f1e3cb67d87c10c26606,train,REVIEW,strict
/root/autodl-tmp/datasets_raw/tcmp300_raw/train/046.Angelica sinensis (Oliv.) Diels/661feacf8d75c318cb098541c569f07b.jpg,046.Angelica sinensis (Oliv.) Diels,7c14ae303ce3f19e092a5f44a4ca85f756b2b58c82124be453a30addc0c7d3af,train,CONFIRMED,strict
/root/autodl-tmp/datasets_raw/tcmp300_raw/train/046.Angelica sinensis (Oliv.) Diels/bb0456e7f25817aee8bfe11443c8de59.jpg,046.Angelica sinensis (Oliv.) Diels,a0d624f012dee3136ef4f9dcf3ee02a15b7c441cfc17602b581b97dec409883a,train,CONFIRMED,strict
/root/autodl-tmp/datasets_raw/tcmp300_raw/train/047.Codonopsis pilosula (Franch.) Nannf./b2eb4991ced5e42f808a6daf8eafff84.jpg,047.Codonopsis pilosula (Franch.) Nannf.,2364d5d29ff4d70f64a37f0d3be310f83ba1caea869464ecdb010172e4497e6c,train,CONFIRMED,strict
/root/autodl-tmp/datasets_raw/tcmp300_raw/train/049.Juncus effusus L./90ad3a8d52543324620a8bc92fabbcd3.jpg,049.Juncus effusus L.,2996c47a6ea0505d2d03791a9bb0d5778af09b6c0923f6e7a065d6be08b3bc1f,train,CONFIRMED,strict
/root/autodl-tmp/datasets_raw/tcmp300_raw/train/050.Hypericum japonicum Thunb. in Murr./2f82cb4b4d6d5ba4615facad126b5577.jpg,050.Hypericum japonicum Thunb. in Murr.,9faa9ad5e5de28dc58e6210e73d7536ca4d8fdadd019b26493fb499c4686e54e,train,CONFIRMED,strict
/root/autodl-tmp/datasets_raw/tcmp300_raw/train/050.Hypericum japonicum Thunb. in Murr./5ff38627a6331b498b7f79d09935a274.jpeg,050.Hypericum japonicum Thunb. in Murr.,91753f15c0882f09b3dcc3500749d63007a3d29b26a8595d3138cc657d3a0e16,train,REVIEW,strict
/root/autodl-tmp/datasets_raw/tcmp300_raw/train/050.Hypericum japonicum Thunb. in Murr./f459a4ad1e7bb2fb24cbb4202474b0cd.jpg,050.Hypericum japonicum Thunb. in Murr.,207f1226049285706b029a5202423c55f2dea60dd9047bcab35a1bbb77605f64,train,REVIEW,strict
/root/autodl-tmp/datasets_raw/tcmp300_raw/train/050.Hypericum japonicum Thunb. in Murr./fc4a00201cb087b482e0381e6e38c1e4.jpg,050.Hypericum japonicum Thunb. in Murr.,d8b06ec79986aaaab9d3cdcf4b99fc4ae0593a330dd420a1e5edf04e39940899,train,CONFIRMED,strict
/root/autodl-tmp/datasets_raw/tcmp300_raw/train/053.Lycopus lucidus Turcz. ex Benth./b167a4d7332b4533a889440876230639.jpg,053.Lycopus lucidus Turcz. ex Benth.,cfca3666e572a6b4430672ac1294126a18cc72302c9b54e12bc6fc031e8a105b,train,CONFIRMED,strict
/root/autodl-tmp/datasets_raw/tcmp300_raw/train/053.Lycopus lucidus Turcz. ex Benth./e1bada5e59de47363e496413ae398e0c.jpg,053.Lycopus lucidus Turcz. ex Benth.,8d081e14d2ced23d5701a86201515502b42ef061d1320f0874e92fee406511b2,train,CONFIRMED,strict
/root/autodl-tmp/datasets_raw/tcmp300_raw/train/054.Sanguisorba officinalis L./1336abee097cd7fe2f846c31c4bbea79.jpg,054.Sanguisorba officinalis L.,1bbcd26ac06d9849634b6de85c9eb7bf1fffbb8915a0f4829e0829f295c25646,train,REVIEW,strict
/root/autodl-tmp/datasets_raw/tcmp300_raw/train/054.Sanguisorba officinalis L./26004e33f71c34f3eb9d6a6d697d764e.jpg,054.Sanguisorba officinalis L.,e4f6624c8cbcbb273711427cb6c88e85f75a3b958e6be2a861ae07021e32b7c0,train,CONFIRMED,strict
/root/autodl-tmp/datasets_raw/tcmp300_raw/train/054.Sanguisorba officinalis L./dfc914234eab11d4213892afeeb9966e.jpg,054.Sanguisorba officinalis L.,0b7f51845a4daf46a58af1d13b66116c467a6af0ead95baf17b38fa37ea79a56,train,CONFIRMED,strict
/root/autodl-tmp/datasets_raw/tcmp300_raw/train/055.Atropa belladonna L./69e286cf846de05aa9575e5fded9de9f.jpg,055.Atropa belladonna L.,c510760ea3e2ca083486576d77e9f7be8946d3abcaaed38d3510e3f96826cc62,train,CONFIRMED,strict
/root/autodl-tmp/datasets_raw/tcmp300_raw/train/055.Atropa belladonna L./ffe0378ab9d8003148d4f5921bbceb84.jpg,055.Atropa belladonna L.,121f8f2371929fd6c942ae4c478ff611fce465135975f25b04438ffc79470d21,train,REVIEW,strict
/root/autodl-tmp/datasets_raw/tcmp300_raw/train/056.Androsace umbellata (Lour.) Merr./eef3cb5e307003bdf1c5f5b742565b76.jpg,056.Androsace umbellata (Lour.) Merr.,457f01b3cca93aefbbd271092af6b96ec9f6c980af9fccb6cbc484ced347cb8b,train,REVIEW,strict
/root/autodl-tmp/datasets_raw/tcmp300_raw/train/057.Sauromatum giganteum (Engl.) Cusimano & Hett./5f0b5faa2663f3f9a2d6a909d63a4091.jpeg,057.Sauromatum giganteum (Engl.) Cusimano & Hett.,f0f977d450d82af15ca0056d78464f24f45d273e3e3ab839afededdc4d8ad725,train,REVIEW,strict
/root/autodl-tmp/datasets_raw/tcmp300_raw/train/057.Sauromatum giganteum (Engl.) Cusimano & Hett./875dd345eb237b775ae17bd2fe7a9c4d.jpg,057.Sauromatum giganteum (Engl.) Cusimano & Hett.,80bcc5835725e6220a913d86db0dcedae9d37204c0e5b978f8f7ced16d69046a,train,REVIEW,strict
/root/autodl-tmp/datasets_raw/tcmp300_raw/train/057.Sauromatum giganteum (Engl.) Cusimano & Hett./fc3e29bebaf36b9f8d554e7e7c7c9c34.jpg,057.Sauromatum giganteum (Engl.) Cusimano & Hett.,77216a80e56b693949a85ce6eec39c1dc17ffe61baa4cea8922c56ec8c02cdf1,train,REVIEW,strict
/root/autodl-tmp/datasets_raw/tcmp300_raw/train/058.Asarum forbesii Maxim./8b7854b4d175e7d2f00d0885bfde6348.png,058.Asarum forbesii Maxim.,f5f2903e40a8420b676c806c4773b75192a9755dccc4aa86842aeaee4d2de095,train,CONFIRMED,strict
/root/autodl-tmp/datasets_raw/tcmp300_raw/train/059.Eucommia ulmoides Oliv./375bc9802eee006c087b32c4efef0c8f.jpg,059.Eucommia ulmoides Oliv.,e553d1995b313e79b702d5f15bffbf47e6b8f24b455b60a74e89b078338e5f94,train,CONFIRMED,strict
/root/autodl-tmp/datasets_raw/tcmp300_raw/train/059.Eucommia ulmoides Oliv./57d56ee14d4c5d66628cf746551b27ed.jpg,059.Eucommia ulmoides Oliv.,61851716ccd849d042b5998fad7dbe76e576b0e45de8b9e16dd6aea8aa556280,train,CONFIRMED,strict
/root/autodl-tmp/datasets_raw/tcmp300_raw/train/059.Eucommia ulmoides Oliv./6f0ebbc5b183326c314abfa089d9aab1.jpg,059.Eucommia ulmoides Oliv.,4affeaf177058c8238e55a7639c3c325050489507fda6b648fe7434703784ec8,train,REVIEW,strict
/root/autodl-tmp/datasets_raw/tcmp300_raw/train/060.Crocus sativus L./8a0b5fc50dca267be5d918b6a6d7aeff.jpg,060.Crocus sativus L.,a5d3801a4b937bb6942dea116134b082193b26cba50dd0f52cd7cc6720b4f4ec,train,CONFIRMED,strict
/root/autodl-tmp/datasets_raw/tcmp300_raw/train/060.Crocus sativus L./fc67d0f4a2a8774cdd1257fe02363ff1.jpg,060.Crocus sativus L.,95f6a8cb56c1e3d4c4a7c81a454fe625a6f035a66708058e1a226f08a6b0367c,train,CONFIRMED,strict
/root/autodl-tmp/datasets_raw/tcmp300_raw/train/061.Potentilla discolor Bunge/71006f0b264370945cf526458a9c1bcd.jpg,061.Potentilla discolor Bunge,f42a3ace258dc6d55487f993a80dc7f997938bee9e860c0930535c691a36eccc,train,CONFIRMED,strict
/root/autodl-tmp/datasets_raw/tcmp300_raw/train/063.Saposhnikovia divaricata (Turcz.) Schischk./6c027c54a28a323774a97780520b696e.jpg,063.Saposhnikovia divaricata (Turcz.) Schischk.,c5d98a8469dad9e8deda9952d19af006cf7bbef16f81013480b558b356bc23e8,train,REVIEW,strict
/root/autodl-tmp/datasets_raw/tcmp300_raw/train/064.Euphorbia hirta L./561e3a3e21524f8cc80d354bc71b7d8a.jpg,064.Euphorbia hirta L.,920ade5cabbff2b59474209d8581ef92790a57bfaa6f6254ffcbfb6a9ffc5f33,train,CONFIRMED,strict
/root/autodl-tmp/datasets_raw/tcmp300_raw/train/064.Euphorbia hirta L./6ebc46acda973172b641a80a2737e786.jpg,064.Euphorbia hirta L.,56cc03fe0f6c09ced05a8ad743055fc1cb578c97d44b184173fea1697a4ea7d7,train,CONFIRMED,strict
/root/autodl-tmp/datasets_raw/tcmp300_raw/train/065.Phedimus aizoon (L.) 't Hart/00dbecc49a230a94f9ed19a8b437f78f.jpg,065.Phedimus aizoon (L.) 't Hart,67f125138dfcb962ca47da499314ee5000a61d29e7b56e7f3ca14c50dee707f5,train,CONFIRMED,strict
/root/autodl-tmp/datasets_raw/tcmp300_raw/train/066.Stephania tetrandra S. Moore/48fa5b9e106657f21f7c04acfadf9108.png,066.Stephania tetrandra S. Moore,1d027ab826c07d7713567e4ccc55c3642e223dbd6f0e4547380cdf27d3e121fc,train,CONFIRMED,strict
/root/autodl-tmp/datasets_raw/tcmp300_raw/train/066.Stephania tetrandra S. Moore/6b6bd4f871397695f9718c30ef8093f4.jpg,066.Stephania tetrandra S. Moore,626b41c728a219e5753ecde2765952e8cae6eb1b6c0167d0cd6d06d682005716,train,CONFIRMED,strict
/root/autodl-tmp/datasets_raw/tcmp300_raw/train/066.Stephania tetrandra S. Moore/8bd6937e996e7b501519adf308905dba.jpg,066.Stephania tetrandra S. Moore,70382cac80faadb493a95ad4567eb5c5fecfe9385e3882d01047005a3e6f89e4,train,CONFIRMED,strict
/root/autodl-tmp/datasets_raw/tcmp300_raw/train/070.Trigonotis peduncularis (Trevis.) Benth. ex Baker & S. Moore/cc8a0350fc4bdc10f317d20e329055cd.jpg,070.Trigonotis peduncularis (Trevis.) Benth. ex Baker & S. Moore,94153327cacc61d4fda2f0f389e1394fe7aebb07e3f0636aeb8f2b0b84b922bf,train,CONFIRMED,strict
/root/autodl-tmp/datasets_raw/tcmp300_raw/train/073.Periploca sepium Bunge/6c2340e61c6f3e72385ab9023e5ee716.jpg,073.Periploca sepium Bunge,043c3d3e5192eccef4c47e00061f92b6f0e0c460303c2112fa49fae4b6b0c694,train,CONFIRMED,strict
/root/autodl-tmp/datasets_raw/tcmp300_raw/train/073.Periploca sepium Bunge/6fca442e39a3c431846916bc05cdf32c.jpeg,073.Periploca sepium Bunge,dff9de2eb51a507957b6eb7c93745c3f81d04c6b08427e21233a047ae0a5ba20,train,CONFIRMED,strict
/root/autodl-tmp/datasets_raw/tcmp300_raw/train/073.Periploca sepium Bunge/f8f69f748f79f65088631ee908f9e1f8.jpg,073.Periploca sepium Bunge,bc28b6457cfec32a0fdb04754004ad3f9867d9604c81c66ce5ff61d4792a339c,train,CONFIRMED,strict
/root/autodl-tmp/datasets_raw/tcmp300_raw/train/074.Rhodiola cretinii subsp. sinoalpina (Fröd.) H. Ohba/04d987ca40b19918395834e19430edc5.jpg,074.Rhodiola cretinii subsp. sinoalpina (Fröd.) H. Ohba,99341632d3d3d13fddf2411467a8c461574f95a0cddb9f4f55b681ac44b82b69,train,CONFIRMED,strict
/root/autodl-tmp/datasets_raw/tcmp300_raw/train/074.Rhodiola cretinii subsp. sinoalpina (Fröd.) H. Ohba/15c6f6354f8c84efaba92a16daf75cb7.jpg,074.Rhodiola cretinii subsp. sinoalpina (Fröd.) H. Ohba,1d6c6713541d6a0b59c708a89f84bb7c98be2d6a1ea31b8b2befb663b5ebf9bc,train,CONFIRMED,strict
/root/autodl-tmp/datasets_raw/tcmp300_raw/train/075.Pueraria montana var. lobata (Ohwi) Maesen & S. M. Almeida/ff95f21e48508897a7fc7a78bd42b301.jpg,075.Pueraria montana var. lobata (Ohwi) Maesen & S. M. Almeida,9b1f02114466acb65bc31798e66ad66da0910131bc9b9b01e4207c0cf75ab1a0,train,REVIEW,strict
/root/autodl-tmp/datasets_raw/tcmp300_raw/train/076.Ilex cornuta Lindl. & Paxton/6a6176145318df7a870524a8e9ab5520.jpg,076.Ilex cornuta Lindl. & Paxton,6ef5ad9827827f2e91ec962c5c165379f709ad83b6cd4fa2d71a86ec5b897f11,train,CONFIRMED,strict
/root/autodl-tmp/datasets_raw/tcmp300_raw/train/078.Broussonetia papyrifera (L.) L'Hér. ex Vent./3a26ff633c79c04276e43e0c0e23e6a6.jpg,078.Broussonetia papyrifera (L.) L'Hér. ex Vent.,74452df86d65f24b63dc6e9a3ab16ed23f30aef418b2e273efcbfbc5257336f7,train,REVIEW,strict
/root/autodl-tmp/datasets_raw/tcmp300_raw/train/079.Eriocaulon buergerianum Körn./2fb3e0a4d47287adc3c1db5ccc8937c8.jpg,079.Eriocaulon buergerianum Körn.,5411a23de09af07132d11a3d2e94a16d6d06f522090a3e51d1873d29531426bf,train,CONFIRMED,strict
/root/autodl-tmp/datasets_raw/tcmp300_raw/train/079.Eriocaulon buergerianum Körn./9ca99647a65dd1d34f2e9d738117c3f8.jpeg,079.Eriocaulon buergerianum Körn.,06b3b26b992e92a6f630999aa30ab2537ae4822fa2b598a00ce1189bc28621f4,train,CONFIRMED,strict
/root/autodl-tmp/datasets_raw/tcmp300_raw/train/079.Eriocaulon buergerianum Körn./bc5f1deda6df12a1b0f943e73a9f5a43.jpg,079.Eriocaulon buergerianum Körn.,a2d4c6bfe23850848431a7ae41ac9e42421d03c63432ac5883f60fd17f38218b,train,CONFIRMED,strict
/root/autodl-tmp/datasets_raw/tcmp300_raw/train/080.Polygala japonica Houtt./9c1d70c2b99cd0224747f343af11d95f.jpg,080.Polygala japonica Houtt.,080d61a2207bfe28f61de55b4be5fe1903533f35b0971c0f68a3a599fcb3068b,train,REVIEW,strict
/root/autodl-tmp/datasets_raw/tcmp300_raw/train/082.Hypericum perforatum L./8a2bf6a6616dd4cc3e93ff9a4bb339eb.jpg,082.Hypericum perforatum L.,82cb6e1abbcb95d526e50d4210cc6d6e2831517ebb3cda1cd1fda2e74418aa12,train,CONFIRMED,strict
/root/autodl-tmp/datasets_raw/tcmp300_raw/train/082.Hypericum perforatum L./ba689dee1aad35b791cbc77a14d9477f.jpg,082.Hypericum perforatum L.,7201f7fd7c168801fc231667af83aad7fc8378076f9b433145f99d8e7d492364,train,CONFIRMED,strict
/root/autodl-tmp/datasets_raw/tcmp300_raw/train/082.Hypericum perforatum L./c82cd39801408038f174f8cc89177306.jpg,082.Hypericum perforatum L.,0ffaea51b288e6a81b4a03e2323758ed70a8523b0c2ed2060a65908dfa377513,train,CONFIRMED,strict
/root/autodl-tmp/datasets_raw/tcmp300_raw/train/083.Cyrtomium fortunei J. Sm./083c6896e83659c81ad290580a30c5ec.jpg,083.Cyrtomium fortunei J. Sm.,27b68be1cd19c85cf0f7ffdda7d0e8ef009ed9f3072d02bea878f7adca04e4d2,train,REVIEW,strict
/root/autodl-tmp/datasets_raw/tcmp300_raw/train/083.Cyrtomium fortunei J. Sm./2ae6596c5fca0294a8d99afc540ae3a1.jpg,083.Cyrtomium fortunei J. Sm.,610cf188c8766fa79adfcea3f181ed1f52e99d0ebb23382a9445972215d9b3b5,train,CONFIRMED,strict
/root/autodl-tmp/datasets_raw/tcmp300_raw/train/083.Cyrtomium fortunei J. Sm./4a1c823e15babe85e7111df101e036f7.jpg,083.Cyrtomium fortunei J. Sm.,8fcc3c45da3170e87a6e13b97924403463c47ae4faa96db522c23e15191ebdf4,train,CONFIRMED,strict
/root/autodl-tmp/datasets_raw/tcmp300_raw/train/083.Cyrtomium fortunei J. Sm./b26a7580ee39e4b56255d3459c6b046e.jpg,083.Cyrtomium fortunei J. Sm.,ab20a1e2f0a9fea4f3d408cc240eb373a5788561a635a5784312ef49cfaea646,train,CONFIRMED,strict
/root/autodl-tmp/datasets_raw/tcmp300_raw/train/085.Bidens pilosa L./c817ecbdc585b80733ca7d4ac95736f7.jpg,085.Bidens pilosa L.,b5371b69951f1d72857793a146fd15a52f856947005de5e6d42c08270f88108b,train,CONFIRMED,strict
/root/autodl-tmp/datasets_raw/tcmp300_raw/train/087.Lygodium japonicum (Thunb.) Sw./29a898756abe936996776f55d75dcbae.jpg,087.Lygodium japonicum (Thunb.) Sw.,212f9c3632e8b9947fd95e23e3dbb9282fb12c8bc1ac8fce4cada09c07903b1e,train,CONFIRMED,strict
/root/autodl-tmp/datasets_raw/tcmp300_raw/train/087.Lygodium japonicum (Thunb.) Sw./dd3afefb730859c795747032897dd5ef.jpg,087.Lygodium japonicum (Thunb.) Sw.,9bbe0804efbc74e447f4a1629002a4e92a33da57c507235eae290547d54e10ff,train,REVIEW,strict
/root/autodl-tmp/datasets_raw/tcmp300_raw/train/088.Pittosporum tobira (Thunb.) W. T. Aiton/226496a219997bf81a0cd9258bfac214.jpg,088.Pittosporum tobira (Thunb.) W. T. Aiton,6783a4a233a50d7f70833951118b56de983594bff03423d5ce90aaab4d8a5dbe,train,CONFIRMED,strict
/root/autodl-tmp/datasets_raw/tcmp300_raw/train/088.Pittosporum tobira (Thunb.) W. T. Aiton/6e0169e19ca87d8060dd8822db389888.jpg,088.Pittosporum tobira (Thunb.) W. T. Aiton,0d2ac4cc2d13aaa46f5a98dbd00445d6b3a0223b598b3680072af14a764e2c69,train,CONFIRMED,strict
/root/autodl-tmp/datasets_raw/tcmp300_raw/train/088.Pittosporum tobira (Thunb.) W. T. Aiton/79804acf26dede7b6a5c6d56fea1830b.jpg,088.Pittosporum tobira (Thunb.) W. T. Aiton,a958d820b9b8badb9f5c0aec0b548ed46d5b0bea3d040850e99c38694ca0ac3a,train,CONFIRMED,strict
/root/autodl-tmp/datasets_raw/tcmp300_raw/train/091.Scutellaria indica L./6ffcfebf68b19261883068fff0dfdc90.jpeg,091.Scutellaria indica L.,26f81648821fa8dd63854f10eac60089b933194a1436a875958a52634b8ee456,train,CONFIRMED,strict
/root/autodl-tmp/datasets_raw/tcmp300_raw/train/091.Scutellaria indica L./fc8fc28b15cd34335b51a6fe49160f22.jpg,091.Scutellaria indica L.,33ff6a571cb0ef8462f47f905f30bdded0fccf1fc27bb9d51e6de91429345412,train,CONFIRMED,strict
/root/autodl-tmp/datasets_raw/tcmp300_raw/train/092.Rorippa indica (L.) Hiern/b4c22436b0064b0c78184e3b0dba3db3.jpg,092.Rorippa indica (L.) Hiern,ff465d1cb2eb471f67a0a6838919e20d2af1c9922bfd73b2ba2422dbd8ba75dd,train,CONFIRMED,strict
/root/autodl-tmp/datasets_raw/tcmp300_raw/train/093.Albizia julibrissin Durazz./7a612ba7d1ed322990905ed7a4172927.jpg,093.Albizia julibrissin Durazz.,cb8e3a9eb994999da20950e580af902d9f3a0cab5635b9854a14ae3c2e709ea8,train,CONFIRMED,strict
/root/autodl-tmp/datasets_raw/tcmp300_raw/train/093.Albizia julibrissin Durazz./98cf6bfbcf41876f4a8239c29833874a.jpg,093.Albizia julibrissin Durazz.,9ac4caba3aa8d2a79e349df1a58e958e2d03189a7a9797d7d2a148e7dee35e6c,train,CONFIRMED,strict
/root/autodl-tmp/datasets_raw/tcmp300_raw/train/093.Albizia julibrissin Durazz./b5b80b91534a8f668cbd093c63eae38c.jpg,093.Albizia julibrissin Durazz.,dec183e9498724921f126431ac0e3c754db77a968dcd54dcae6fd3116cd3e159,train,CONFIRMED,strict
/root/autodl-tmp/datasets_raw/tcmp300_raw/train/093.Albizia julibrissin Durazz./c5e804d87f77f24e2fbf0d8193b02567.jpg,093.Albizia julibrissin Durazz.,cc37ff3f0ac9917ab85d23f8eed7749f55a2921f86c160b54f76de55f1ef1b36,train,CONFIRMED,strict
/root/autodl-tmp/datasets_raw/tcmp300_raw/train/093.Albizia julibrissin Durazz./fa9996b4b9b5e0e2de6e46354d1ce73e.jpg,093.Albizia julibrissin Durazz.,0a3d838122daea13c74585d15b34d9497d0ee1f390a91eaa7491141d4cb172e0,train,CONFIRMED,strict
/root/autodl-tmp/datasets_raw/tcmp300_raw/train/096.Carthamus tinctorius L./63c026dcadf7a8bd224fda5dafeab1f5.jpg,096.Carthamus tinctorius L.,f85cf847fc94f8a3b25f5c75afda7b5f517d630885cceefbf0f277a832ade222,train,CONFIRMED,strict
/root/autodl-tmp/datasets_raw/tcmp300_raw/train/096.Carthamus tinctorius L./6b1eeec724d443e2905274fbdc94329c.jpg,096.Carthamus tinctorius L.,fb9c8e719fc0c6a0348104e9309c5ae30800e18f80817990ed0876390164505e,train,CONFIRMED,strict
/root/autodl-tmp/datasets_raw/tcmp300_raw/train/096.Carthamus tinctorius L./bd904a75872d2cd7261a50c86a3d7756.jpg,096.Carthamus tinctorius L.,150b51c75093288bae9e9441fe685c79f8b2b13c05e31bae8dec6afea86ac358,train,CONFIRMED,strict
/root/autodl-tmp/datasets_raw/tcmp300_raw/train/097.Oxalis corymbosa DC./018d254a86cef0b80240be439ca089e4.jpg,097.Oxalis corymbosa DC.,7353f8b55372c41daebe552db9e1d41036e317e721ce814689203c07f8e86301,train,REVIEW,strict
/root/autodl-tmp/datasets_raw/tcmp300_raw/train/097.Oxalis corymbosa DC./1ba74566ac914d5124389d1f3d94fae2.jpg,097.Oxalis corymbosa DC.,7d964129073c91430d78b25ec1f6aa95fc88b1d3643f08c3d4a127e388f7b555,train,CONFIRMED,strict
/root/autodl-tmp/datasets_raw/tcmp300_raw/train/097.Oxalis corymbosa DC./b1f8e0b66b7675d4785a9277583ea458.jpg,097.Oxalis corymbosa DC.,f8ec28aec1e990bdd448adf4b5bedcc0b973a94b34a7845b9c724d37111bbaa0,train,CONFIRMED,strict
/root/autodl-tmp/datasets_raw/tcmp300_raw/train/098.Lycoris aurea (L'Hér.) Herb./15082ccb41ed95063f7b50b9c2df4eee.jpg,098.Lycoris aurea (L'Hér.) Herb.,122e1f825eb37b5f1ef086f7c16b1e21d5447e7bbe4d5f9bfd287db075483b1e,train,REVIEW,strict
/root/autodl-tmp/datasets_raw/tcmp300_raw/train/098.Lycoris aurea (L'Hér.) Herb./53218a90c933bb678f7d26e6da5b0e59.jpg,098.Lycoris aurea (L'Hér.) Herb.,27857b224744f1b8ee9b57ea6cca57ee1b02961630063d69cf02d16e97064a0d,train,CONFIRMED,strict
/root/autodl-tmp/datasets_raw/tcmp300_raw/train/099.Drynaria roosii Nakaike/49829dc7bb70dc747f49f28d7b05c4aa.jpg,099.Drynaria roosii Nakaike,0920e777f31d1fcff445d87bf543574802957e0a2c6b412e6cef466ab04c2d3d,train,CONFIRMED,strict
/root/autodl-tmp/datasets_raw/tcmp300_raw/train/099.Drynaria roosii Nakaike/f622de4f0e0cd374c1f77611cb3b43e6.jpg,099.Drynaria roosii Nakaike,13509a8aeb7c31248a5aa6e3744e0bc66e24fc2287e559aaf73998e833ac6d46,train,CONFIRMED,strict
/root/autodl-tmp/datasets_raw/tcmp300_raw/train/100.Saxifraga stolonifera Curtis/8faed5cc381017a42f8863e961359da8.jpg,100.Saxifraga stolonifera Curtis,ec09a6bb12db6e8ae368d3bcb1a4924f976d2335f6372f5318c54f314e4bba5d,train,CONFIRMED,strict
/root/autodl-tmp/datasets_raw/tcmp300_raw/train/100.Saxifraga stolonifera Curtis/b13919b2604cc14572442b9048f5466c.jpg,100.Saxifraga stolonifera Curtis,cb89037e64148d33c75ef9a9cbe6a2264c49a8a92269c0da10f47ed90b2959c2,train,CONFIRMED,strict
/root/autodl-tmp/datasets_raw/tcmp300_raw/train/104.Hemerocallis citrina Baroni/2d1d058ee957e42ab5ada6ae6b21bdf9.jpg,104.Hemerocallis citrina Baroni,d13794fa268a3f0b64e5769a123c3d4e41fba3bdee5a29924f89152d41e2d6ab,train,CONFIRMED,strict
/root/autodl-tmp/datasets_raw/tcmp300_raw/train/104.Hemerocallis citrina Baroni/f849909ed3abdb30d7c5ecaa7d5567b4.jpg,104.Hemerocallis citrina Baroni,f8b575a58e3d60b38a0d8cf00ac8eb40a8fb66cd126fef0c29eaa53ebbe482f4,train,CONFIRMED,strict
/root/autodl-tmp/datasets_raw/tcmp300_raw/train/106.Polygonatum sibiricum Redouté/2df5766c280711ec9de5fb0eb25df6df.jpg,106.Polygonatum sibiricum Redouté,69e2ea88f914ad657783f29200193cb38b4737160eb459c6ae6419ecdef6c9e7,train,CONFIRMED,strict
/root/autodl-tmp/datasets_raw/tcmp300_raw/train/106.Polygonatum sibiricum Redouté/ac16d1abef11b1a66828ecc766dd8e85.jpg,106.Polygonatum sibiricum Redouté,0d1ccb30bec1d9b401e02ef9413778515b57b621bb17ecfed4dd71fdf5946f85,train,CONFIRMED,strict
/root/autodl-tmp/datasets_raw/tcmp300_raw/train/107.Berberis amurensis Rupr./77cba903eb59902e2e9290097f296c0c.jpg,107.Berberis amurensis Rupr.,02bf8edc91c4494980e5f7c818b32dc1fffdee95d508fee63c21dcb7a8d1cc3c,train,REVIEW,strict
/root/autodl-tmp/datasets_raw/tcmp300_raw/train/108.Scutellaria baicalensis Georgi/751fee20008f5aa08ea40057ed7b5fd9.jpg,108.Scutellaria baicalensis Georgi,4cb799d5c1abfdef66c1a8a2e2452dcd2709c7821884de73057b695578995bb3,train,CONFIRMED,strict
/root/autodl-tmp/datasets_raw/tcmp300_raw/train/108.Scutellaria baicalensis Georgi/89d380b037999e3429a61ee7295540df.jpg,108.Scutellaria baicalensis Georgi,a187af8e6f8a94092c92ea5ade563c3f670f07e7f4674540cb3de4cd3db7bbed,train,REVIEW,strict
/root/autodl-tmp/datasets_raw/tcmp300_raw/train/108.Scutellaria baicalensis Georgi/c23f290e2667b569f22595da28e0ace6.jpg,108.Scutellaria baicalensis Georgi,5beed6d904bacb94cab671220b5b8b861f5ae253cbc611c73b91aff9d4cfe99b,train,CONFIRMED,strict
/root/autodl-tmp/datasets_raw/tcmp300_raw/train/109.Ranunculus chinensis Bunge/707ab0738f61e5063bb5b2fc710dea4a.jpg,109.Ranunculus chinensis Bunge,36c50f35e9598e8023ab7646a3e881fe11734c64fcff6bdd72ae197ea316b0ad,train,REVIEW,strict
/root/autodl-tmp/datasets_raw/tcmp300_raw/train/110.Glechoma longituba (Nakai) Kupr./778553d989226a6e3f3b235eaff1c106.jpg,110.Glechoma longituba (Nakai) Kupr.,da70aa0eef9ca22614d55eeba26a85ed6c88b284f67913c3b2b10f5a429f963a,train,CONFIRMED,strict
/root/autodl-tmp/datasets_raw/tcmp300_raw/train/111.Sedum sarmentosum Bunge/0cc2ba1a9998a4bcdf51a422385f274c.png,111.Sedum sarmentosum Bunge,ffea905fa003d80856a48eb9f80477cb4a7482ce61f21ea57584b33bcff8f35d,train,REVIEW,strict
/root/autodl-tmp/datasets_raw/tcmp300_raw/train/111.Sedum sarmentosum Bunge/1c693a0139cd073f92849b0dd9375713.jpg,111.Sedum sarmentosum Bunge,13b90a54b4172be4970b6046da1596f525178d5983ff476ee9097a6334043309,train,REVIEW,strict
/root/autodl-tmp/datasets_raw/tcmp300_raw/train/111.Sedum sarmentosum Bunge/20c1d3a40e104652f75ac76f72d5b437.png,111.Sedum sarmentosum Bunge,bdc7e501d05b8dde61303eec25fb8b67fe4438d5bd5497ab5f02579a1c5186da,train,REVIEW,strict
/root/autodl-tmp/datasets_raw/tcmp300_raw/train/111.Sedum sarmentosum Bunge/2ea321eb52ae091c941ce2551d8738c5.jpg,111.Sedum sarmentosum Bunge,cdee34ce8c36210fed92ab7e6d048f18fa8985a51e9f3f5add8287b0b4d16a15,train,REVIEW,strict
/root/autodl-tmp/datasets_raw/tcmp300_raw/train/112.Agastache rugosa (Fisch. & C. A. Mey.) Kuntze/0cf7736fdc8eaf7b74af94bf6056609c.jpg,112.Agastache rugosa (Fisch. & C. A. Mey.) Kuntze,85183fcafecd431b7a3540ea55adade6ec205c0703d8936f8560d45e7b2262cd,train,CONFIRMED,strict
/root/autodl-tmp/datasets_raw/tcmp300_raw/train/112.Agastache rugosa (Fisch. & C. A. Mey.) Kuntze/0de32b52861d07ea245555cf2395b3d7.jpg,112.Agastache rugosa (Fisch. & C. A. Mey.) Kuntze,5d9476b3e7d6a815f84a4af5cc9396e5ccaafe235fe8ce9860a562f1319d66c5,train,CONFIRMED,strict
/root/autodl-tmp/datasets_raw/tcmp300_raw/train/112.Agastache rugosa (Fisch. & C. A. Mey.) Kuntze/1b11c69b5a2de66057eb159660d31126.jpg,112.Agastache rugosa (Fisch. & C. A. Mey.) Kuntze,057919fa08c310669c58420162842a3c9100de9c12996419842e90de35912b0c,train,CONFIRMED,strict
/root/autodl-tmp/datasets_raw/tcmp300_raw/train/112.Agastache rugosa (Fisch. & C. A. Mey.) Kuntze/2d3124893a5180551df086bf1259f7c1.jpg,112.Agastache rugosa (Fisch. & C. A. Mey.) Kuntze,e6f8b5d450377a6c4f5bcf59006f63fcb1849c14df4fdca8995dde00cacb408e,train,CONFIRMED,strict
/root/autodl-tmp/datasets_raw/tcmp300_raw/train/112.Agastache rugosa (Fisch. & C. A. Mey.) Kuntze/5bb3128cbcb4aa14a53112381ac96926.jpg,112.Agastache rugosa (Fisch. & C. A. Mey.) Kuntze,12134a5670f0175f385c4ccd399442152d6c5dde810c9fdaec1041fc4d7820b7,train,REVIEW,strict
/root/autodl-tmp/datasets_raw/tcmp300_raw/train/112.Agastache rugosa (Fisch. & C. A. Mey.) Kuntze/78a6d8f09ea1ff5a83c03bed09210368.jpg,112.Agastache rugosa (Fisch. & C. A. Mey.) Kuntze,0626fde9601283c1358bc6adfb271b700f9c169a969e5700e353f6f924765f86,train,CONFIRMED,strict
/root/autodl-tmp/datasets_raw/tcmp300_raw/train/112.Agastache rugosa (Fisch. & C. A. Mey.) Kuntze/8c89ae9ef1279908487a7de1ce733dc5.jpg,112.Agastache rugosa (Fisch. & C. A. Mey.) Kuntze,12cdaf4cef4e7b3c1e1e0a4879dfe70d8ed1cbdecef55628538d1ba9ff7f66d8,train,REVIEW,strict
/root/autodl-tmp/datasets_raw/tcmp300_raw/train/112.Agastache rugosa (Fisch. & C. A. Mey.) Kuntze/dbb4c072311a0b1d160a6379a736408b.jpg,112.Agastache rugosa (Fisch. & C. A. Mey.) Kuntze,1195b478cc2f85570518a16b42631f9452053cd606822fd8be40eb90db8a56da,train,CONFIRMED,strict
/root/autodl-tmp/datasets_raw/tcmp300_raw/train/114.Paederia  foetida L./3e1e036f9f9126fc4b5162e3024b39b3.jpg,114.Paederia  foetida L.,793666364d33f231cdd5c2e02e650df37f91e7ce5e24f2af9a368b56009b751b,train,REVIEW,strict
/root/autodl-tmp/datasets_raw/tcmp300_raw/train/114.Paederia  foetida L./51b2342d0f3533045b0a9954b742d1f7.jpg,114.Paederia  foetida L.,1b114c2c8f3e14a6315a01a81ee7aa8a2d9ace49dc14183f8313c54ee0ba59b7,train,CONFIRMED,strict
/root/autodl-tmp/datasets_raw/tcmp300_raw/train/114.Paederia  foetida L./a0f502e31112f18fb1cd56ecf70646aa.jpeg,114.Paederia  foetida L.,fa126c2f1f30bc4a44a9fb321504a9c622c464839ee75cee988ea4273e166d38,train,CONFIRMED,strict
/root/autodl-tmp/datasets_raw/tcmp300_raw/train/116.Chloranthus serratus (Thunb.) Roem. & Schult./0b39530bd6e3138cc581830ee465d54e.jpg,116.Chloranthus serratus (Thunb.) Roem. & Schult.,459ad464f7bd522d25adfdd9e35744ece7d5e810f3d615d3864ee743026a41cf,train,REVIEW,strict
/root/autodl-tmp/datasets_raw/tcmp300_raw/train/116.Chloranthus serratus (Thunb.) Roem. & Schult./7a62872c58e58a000fba72e33e12df6b.jpg,116.Chloranthus serratus (Thunb.) Roem. & Schult.,12da96463897ffb5f01f80aba42fad734697973c8adbb12d069aeabe6823dc6a,train,CONFIRMED,strict
/root/autodl-tmp/datasets_raw/tcmp300_raw/train/118.Cirsium japonicum Fisch. ex DC./a6bdc9adf9b7c0394de3c5033157e10f.jpg,118.Cirsium japonicum Fisch. ex DC.,f829da62c832f56e80425044dfdc1896211613d1ea7132ddcc931f7d6029fece,train,REVIEW,strict
/root/autodl-tmp/datasets_raw/tcmp300_raw/train/119.Nerium oleander L./66043792405dee0be2079d651d15b303.png,119.Nerium oleander L.,6bcb7c3ef1878d50f731b70548d33b5b5ce7fce3b5f8fda7db9f510d9513c1d9,train,CONFIRMED,strict
/root/autodl-tmp/datasets_raw/tcmp300_raw/train/119.Nerium oleander L./bd24fda092fa2573753920f4af733e44.jpg,119.Nerium oleander L.,90eaef7c6c9db42c8aeb159a1a2896e53513dc643f23994e93d1d0f34aef5db3,train,CONFIRMED,strict
/root/autodl-tmp/datasets_raw/tcmp300_raw/train/120.Crepidiastrum sonchifolium (Bunge) Pak & Kawano/41d7576ac936aa1c8bf9dbe199fd4f3c.png,120.Crepidiastrum sonchifolium (Bunge) Pak & Kawano,2d5e8aea96baf62372f9fb6435164a585902ab2de72df3840fd88aa65cd6feb6,train,CONFIRMED,strict
/root/autodl-tmp/datasets_raw/tcmp300_raw/train/120.Crepidiastrum sonchifolium (Bunge) Pak & Kawano/79ffa0d842fd0f89c8caab2ee6be9a8e.jpg,120.Crepidiastrum sonchifolium (Bunge) Pak & Kawano,a667697f3864824d71c51ea344bd995e5d358fc146f25e4b2247f7f6732cce27,train,CONFIRMED,strict
/root/autodl-tmp/datasets_raw/tcmp300_raw/train/121.Gynostemma pentaphyllum (Thunb.) Makino/6516f12df3ffcfa7ca0d97e2439ea246.jpg,121.Gynostemma pentaphyllum (Thunb.) Makino,67f95df234a087f141d3a7ac3bdf053f0222910d2e6c17d706a020efb6f8c78d,train,CONFIRMED,strict
/root/autodl-tmp/datasets_raw/tcmp300_raw/train/124.Cuscuta japonica Choisy in Zoll./36d01fbcd9548f3133f2e43bacc6e14b.png,124.Cuscuta japonica Choisy in Zoll.,c289b1b32229ce65b88aad1ad5c00def600aa953234ccbfdc9fef97eee437c34,train,REVIEW,strict
/root/autodl-tmp/datasets_raw/tcmp300_raw/train/124.Cuscuta japonica Choisy in Zoll./df8f481438ab82118fe7b89e4e4def8a.jpg,124.Cuscuta japonica Choisy in Zoll.,7c022c78e43c0ac9f2e53486ea69243abee110c8826450bad7cddba5dcb8124c,train,REVIEW,strict
/root/autodl-tmp/datasets_raw/tcmp300_raw/train/124.Cuscuta japonica Choisy in Zoll./e328f1050c6f29c2150d2467baa6febd.jpg,124.Cuscuta japonica Choisy in Zoll.,21e16bb785a07215430ba5285fc6c24219d403eef2098b1b8745e5d127df8c1e,train,CONFIRMED,strict
/root/autodl-tmp/datasets_raw/tcmp300_raw/train/125.Stephania cephalantha Hayata/15c68132615603e505cf9f42153b180e.jpg,125.Stephania cephalantha Hayata,c33becbeb1f6447eabecf76f75505518c83aa2dcf1698a9041761067b4850e49,train,CONFIRMED,strict
/root/autodl-tmp/datasets_raw/tcmp300_raw/train/125.Stephania cephalantha Hayata/20dbeff980f9c4806df491eeb264eaad.jpg,125.Stephania cephalantha Hayata,4fb2d903d72f5b7a0231761ea8ad72c7ac6a87a941b432d354ec30f806f2f64d,train,CONFIRMED,strict
/root/autodl-tmp/datasets_raw/tcmp300_raw/train/125.Stephania cephalantha Hayata/7b2bb9bb702a9d12b05ad1a37223adb1.jpg,125.Stephania cephalantha Hayata,e6749cc70f4f8bd7796e330c46cf9c8e52208ac581dd6b3bbbf70dc78671dbc6,train,CONFIRMED,strict
/root/autodl-tmp/datasets_raw/tcmp300_raw/train/126.Rosa laevigata Michx./4d26552497b36f27e4b878ab6481b5d3.jpg,126.Rosa laevigata Michx.,84142da39b7f392319350c3e423404266793eb9462f383890077cdd027ab6d33,train,CONFIRMED,strict
/root/autodl-tmp/datasets_raw/tcmp300_raw/train/127.Lysimachia grammica Hance/28cd920f14df2733f91da303f12b9d91.jpg,127.Lysimachia grammica Hance,604bf6bb5c42a172f20c7385123dc16241b08a635fdd0b85ad8e522baa45212b,train,REVIEW,strict
/root/autodl-tmp/datasets_raw/tcmp300_raw/train/127.Lysimachia grammica Hance/3b5ccada29774f5db60650c75fcddbae.png,127.Lysimachia grammica Hance,35af7487484a238eb5eafae4eeff348d697ac165c5f3af568727d94be1e05b81,train,REVIEW,strict
/root/autodl-tmp/datasets_raw/tcmp300_raw/train/127.Lysimachia grammica Hance/4be2eb5c0fb68954b5d4b61a4252a51d.jpg,127.Lysimachia grammica Hance,1d0540c297d630115ab25e1c2e461b6734cee7e8ea0cd56d5b4b3d7020c74dcc,train,REVIEW,strict
/root/autodl-tmp/datasets_raw/tcmp300_raw/train/127.Lysimachia grammica Hance/4cf213918a7ab8f36821f114fe141f1e.png,127.Lysimachia grammica Hance,b6841a3cc92a61f446126c2240e74dac8185633ab95324c860c4d0c218bb0fe4,train,REVIEW,strict
/root/autodl-tmp/datasets_raw/tcmp300_raw/train/127.Lysimachia grammica Hance/5431fa84f9cdb8390682243571b3966d.png,127.Lysimachia grammica Hance,f41a7b4ea6a5089b81eedcae6ecbe5630055d42c16e3b967423a8cb6a846d9d1,train,REVIEW,strict
/root/autodl-tmp/datasets_raw/tcmp300_raw/train/127.Lysimachia grammica Hance/6f73a078bae9ae4c0272ae52e9e85b3c.jpg,127.Lysimachia grammica Hance,9a72cc3632c8630824c8a9d8fee4fac0aa741136b546a91d6910b111cb301ede,train,REVIEW,strict
/root/autodl-tmp/datasets_raw/tcmp300_raw/train/127.Lysimachia grammica Hance/80397a413e4d4277ba89b1a8b45d9493.jpg,127.Lysimachia grammica Hance,487c9eb874119af7bfef333eccb949ebc7ab928064f026c1cf03562064c498fc,train,CONFIRMED,strict
/root/autodl-tmp/datasets_raw/tcmp300_raw/train/127.Lysimachia grammica Hance/82183f3306577f298fd58ea9a1faad10.jpg,127.Lysimachia grammica Hance,bc57f8081ce9462b47ec369ecfda830b8fd274290d0f49b200fb8b197ea3d824,train,REVIEW,strict
/root/autodl-tmp/datasets_raw/tcmp300_raw/train/127.Lysimachia grammica Hance/97f5cca6d1907b832e6118f992fd54fe.jpg,127.Lysimachia grammica Hance,21f832ba622e70d3c1c6880c2e4a890be2a220f95aac920cb8d04e1dd2c56f4f,train,CONFIRMED,strict
/root/autodl-tmp/datasets_raw/tcmp300_raw/train/127.Lysimachia grammica Hance/e3f461e3fc8351940fc7c2fdac9d6cff.jpg,127.Lysimachia grammica Hance,e1fffe06e5460a37769171425e3449fe69d6c31d5e308a44fd4ac325739c5e66,train,REVIEW,strict
/root/autodl-tmp/datasets_raw/tcmp300_raw/train/129.Nepeta cataria L./63e64239ae1b0f8fc0fd969a6f970d2f.jpg,129.Nepeta cataria L.,394b6b585bd63ab0454303f47d40d3316aa814413a05240d346220b4be568566,train,REVIEW,strict
/root/autodl-tmp/datasets_raw/tcmp300_raw/train/129.Nepeta cataria L./8471bf20def92c081e06fc3afe79ce1f.png,129.Nepeta cataria L.,f02ee92ef017578be4363ca0b02304b45a82146e26b0ab7cb6bb83db98d21559,train,REVIEW,strict
/root/autodl-tmp/datasets_raw/tcmp300_raw/train/130.Vicia sativa L./158bd17b8d301bfcaca85a9c2596fd38.jpg,130.Vicia sativa L.,2f7ebf55084ac5fda7ac4344e06fcb9b756449c2af3caf80d7231d40c68687db,train,REVIEW,strict
/root/autodl-tmp/datasets_raw/tcmp300_raw/train/130.Vicia sativa L./2ec4f330eb078e6dd211eb4a0872006c.jpg,130.Vicia sativa L.,4494d891aee8f2ec5843a65dc5b9bc69a58c92efb05cf21c87a04b3cb66c52c2,train,CONFIRMED,strict
/root/autodl-tmp/datasets_raw/tcmp300_raw/train/130.Vicia sativa L./ae12ab995e0d26c94bf9a89fc925a0c4.jpg,130.Vicia sativa L.,e4bc1159b980a6c4b689796e6e5b90600aad58c42c0a70c97a75872588f84f96,train,REVIEW,strict
/root/autodl-tmp/datasets_raw/tcmp300_raw/train/131.Platycodon grandiflorus (Jacq.) A. DC./453ef53228648260fbec229d8c427e2a.jpg,131.Platycodon grandiflorus (Jacq.) A. DC.,a1c5d5bdec83629536d0427eb00132d0710463c9d7fd95c20d67302020609c04,train,REVIEW,strict
/root/autodl-tmp/datasets_raw/tcmp300_raw/train/132.Chrysanthemum morifolium Ramat./2ab56d5a7ffceac0407b11b4f1a0f0c5.jpg,132.Chrysanthemum morifolium Ramat.,92fd3dd969d9cc46896e2ef4162894d5391db0b47a2e6a22edcf4429c9d5f25c,train,CONFIRMED,strict
/root/autodl-tmp/datasets_raw/tcmp300_raw/train/132.Chrysanthemum morifolium Ramat./da90b1efb1c03538fe83fc4a3338e00c.jpg,132.Chrysanthemum morifolium Ramat.,062285b4920c2aac101604b4d177e4304bc5e878aa0212333ee0b3c566e18e9f,train,CONFIRMED,strict
/root/autodl-tmp/datasets_raw/tcmp300_raw/train/132.Chrysanthemum morifolium Ramat./f66eae711a53e1d023838790852996df.jpg,132.Chrysanthemum morifolium Ramat.,cb99ba113f4d8a8dbcf6daf2f985b38384f3a72b78b79cf9ae90a4ed62f47ff0,train,CONFIRMED,strict
/root/autodl-tmp/datasets_raw/tcmp300_raw/train/132.Chrysanthemum morifolium Ramat./fbef2785c1e5adac64b224f59165bf5d.jpg,132.Chrysanthemum morifolium Ramat.,b43032f6560ed0bea82660d5d30cef68aefd91233d163f643fbcca6a7a368668,train,REVIEW,strict
/root/autodl-tmp/datasets_raw/tcmp300_raw/train/133.Gynura japonica (Thunb.) Juel/18d017db575dc8bd1155dc16d49ae7db.jpeg,133.Gynura japonica (Thunb.) Juel,5f47c9542d9788b4ea8b6bb867a776863a4384efd8fb3f1a3de8e2a95b4811b3,train,CONFIRMED,strict
/root/autodl-tmp/datasets_raw/tcmp300_raw/train/133.Gynura japonica (Thunb.) Juel/5951507bac921b97a9c3fb9a11eb6fd9.jpg,133.Gynura japonica (Thunb.) Juel,65cd5fcde767ede5cde0b090e78a41f23b9db89198e471f41742142d2a7c94d6,train,REVIEW,strict
/root/autodl-tmp/datasets_raw/tcmp300_raw/train/133.Gynura japonica (Thunb.) Juel/78aaaa2062c220cc018964b64741cd34.jpg,133.Gynura japonica (Thunb.) Juel,f1fc1a55f07b758f38db368a84481df103062c03b7996c3a4eb1d76740a3b1f8,train,REVIEW,strict
/root/autodl-tmp/datasets_raw/tcmp300_raw/train/133.Gynura japonica (Thunb.) Juel/84e0e8fb1d19f9918eb0af3ceb963456.jpg,133.Gynura japonica (Thunb.) Juel,ae1df5fc7560ca8cdf689cfae5892f77448c50a8ef0f6c9ad9518ea9b7dba6b1,train,REVIEW,strict
/root/autodl-tmp/datasets_raw/tcmp300_raw/train/133.Gynura japonica (Thunb.) Juel/a0f52b3283639eba91375b3e26074315.jpg,133.Gynura japonica (Thunb.) Juel,ae597d6134775b0f38d8b57b56a0c601c0253ccc79d543a0a6b0e4d15ff194e6,train,CONFIRMED,strict
/root/autodl-tmp/datasets_raw/tcmp300_raw/train/133.Gynura japonica (Thunb.) Juel/bc3133cb2cae68b6e6c83d6f8046d79c.jpeg,133.Gynura japonica (Thunb.) Juel,3e4ff5ecb48d319916de1b080180c86b7f85d1736e7706e77c70adbd38af61d1,train,CONFIRMED,strict
/root/autodl-tmp/datasets_raw/tcmp300_raw/train/133.Gynura japonica (Thunb.) Juel/c0e11b1c748df6dc02d9d97d005e2ac5.jpeg,133.Gynura japonica (Thunb.) Juel,ad5f298ae9cd8e6ac7901f9ebc4434aefec31caf8e8a862b212be7f2d218c725,train,CONFIRMED,strict
/root/autodl-tmp/datasets_raw/tcmp300_raw/train/133.Gynura japonica (Thunb.) Juel/d6a12bb540651ff85359ac53740861c7.jpg,133.Gynura japonica (Thunb.) Juel,5b11fd8144e188db177adf8cd6311f5cce75b414684bdf23a79aa4a223f9c5bd,train,REVIEW,strict
/root/autodl-tmp/datasets_raw/tcmp300_raw/train/134.Selaginella tamariscina (P. Beauv.) Spring/df84a2c5887a29dc327be99c6056bad5.jpg,134.Selaginella tamariscina (P. Beauv.) Spring,323d40b18667d2c98c5e3c5640e504b32882de49cb538d9a418d845514114b81,train,REVIEW,strict
/root/autodl-tmp/datasets_raw/tcmp300_raw/train/134.Selaginella tamariscina (P. Beauv.) Spring/f69500b1aed3e66129c1eff17045318d.jpg,134.Selaginella tamariscina (P. Beauv.) Spring,921fe1877de7fd098c92ce49497fbf67b52fc837ec80e318230ccc8673affe41,train,REVIEW,strict
/root/autodl-tmp/datasets_raw/tcmp300_raw/train/135.Senna tora (L.) Roxb./185fd9eeda52f8ab994ce60120333bc2.jpg,135.Senna tora (L.) Roxb.,3e04afa48855fed2ce7165625f98ac009a99f9e0242207e58b022a4e8d86082f,train,REVIEW,strict
/root/autodl-tmp/datasets_raw/tcmp300_raw/train/135.Senna tora (L.) Roxb./54f83c09b6d9cdeec99fb71bcc31eb5b.jpg,135.Senna tora (L.) Roxb.,673c6cd1a0875bd23ecf3f257575e204cec3f70b8b7a5de42ac37f7d94022160,train,REVIEW,strict
/root/autodl-tmp/datasets_raw/tcmp300_raw/train/136.Justicia procumbens L./ac879e2a3aa22be5efdf32883e642180.jpg,136.Justicia procumbens L.,a5314cf280d1ff84d8bf20917ace5c19bbad12a3f6140a41568061c684fe300b,train,REVIEW,strict
/root/autodl-tmp/datasets_raw/tcmp300_raw/train/136.Justicia procumbens L./acc2d89fe8c28034a6c370f936647b43.jpg,136.Justicia procumbens L.,d1c22c10cd1e768ee24d36c7485c6366d49b9ab577a08ed39131b121419da874,train,CONFIRMED,strict
/root/autodl-tmp/datasets_raw/tcmp300_raw/train/138.Corydalis incisa (Thunb.) Pers./fd0bc018f8a3b6df2884feabec567eb9.jpg,138.Corydalis incisa (Thunb.) Pers.,2a03b3febd5ef0e2e2c67dfd7ece3eb3978ee37d38e7a3cd27c5fcef1c245f4f,train,CONFIRMED,strict
/root/autodl-tmp/datasets_raw/tcmp300_raw/train/142.Amana edulis (Miq.) Honda/2dfec55b47bd3b01567c0ec79693baa8.jpg,142.Amana edulis (Miq.) Honda,37536c514bbea6fe2342bbc1a616fbc134deae941dafae86fbd5c1f737e1e0db,train,REVIEW,strict
/root/autodl-tmp/datasets_raw/tcmp300_raw/train/142.Amana edulis (Miq.) Honda/4676e17e467626cfea5c60494bb58053.jpg,142.Amana edulis (Miq.) Honda,b6a68cd6a1b0e7786414894dd875705f1d8d2e4962ea9e5b771c4afcfaca5a09,train,CONFIRMED,strict
/root/autodl-tmp/datasets_raw/tcmp300_raw/train/144.Chenopodium album L./cd33c14423d23451d19cb03c47bf7170.jpg,144.Chenopodium album L.,1baaebf3643be0a489be7f0c372158450369900e0b357685ca23fa1ee74d68af,train,REVIEW,strict
/root/autodl-tmp/datasets_raw/tcmp300_raw/train/145.Veratrum nigrum L./09ed2c8c0689cda3921789e22a91b542.jpg,145.Veratrum nigrum L.,7f399a7765de99e372d5571c2ec671301b8caa95540c76c1674d3e7593bd41d8,train,REVIEW,strict
/root/autodl-tmp/datasets_raw/tcmp300_raw/train/145.Veratrum nigrum L./58c33c5e9fdd1ecbcf26c13772457c7e.jpeg,145.Veratrum nigrum L.,22342b4fbd55682bab77a6f9ca524e4140a95db3a3ef065109e7d96c6ee91bc8,train,CONFIRMED,strict
/root/autodl-tmp/datasets_raw/tcmp300_raw/train/146.Eclipta prostrata (L.) L./85f4ba65a93207615ef86610c37be56b.jpg,146.Eclipta prostrata (L.) L.,ba825e9f2565f13b00908ad6c5044e8461d88e7edf460715a548efc0438d259c,train,REVIEW,strict
/root/autodl-tmp/datasets_raw/tcmp300_raw/train/149.Hyoscyamus niger L./411d8c574fce65557833bf32e926aa7b.jpg,149.Hyoscyamus niger L.,5c3faaf68a25c8bc8b46332bf420906d16d4ba3f3e399663a3cb1814d60d27b0,train,CONFIRMED,strict
/root/autodl-tmp/datasets_raw/tcmp300_raw/train/149.Hyoscyamus niger L./55da465ab145df20be5a1b4bc075dd9f.jpg,149.Hyoscyamus niger L.,c78eae31ba70c6208c5120c1794c8a83e285abab911a6571d53cae3a2549aeee,train,CONFIRMED,strict
/root/autodl-tmp/datasets_raw/tcmp300_raw/train/150.Lysimachia congestiflora Hemsl./135d6249da1590fa58e12d782ffb7c0d.jpg,150.Lysimachia congestiflora Hemsl.,cc77181eaf49238b81e368d6e95034f4b65ec245c13760d6ec81ac760f68178a,train,REVIEW,strict
/root/autodl-tmp/datasets_raw/tcmp300_raw/train/150.Lysimachia congestiflora Hemsl./17d7a2e2b9922f11806b2cdda2ce58c9.jpg,150.Lysimachia congestiflora Hemsl.,3a6516eceb4000dda874665a62cbd0b5ca150ec1e34d7a9a45f7af814fdfe1d1,train,REVIEW,strict
/root/autodl-tmp/datasets_raw/tcmp300_raw/train/150.Lysimachia congestiflora Hemsl./a8e89b4147b2b4e1ec2cf657f83b24b1.jpg,150.Lysimachia congestiflora Hemsl.,171fc983742e8261cb4283e7d6e172b042eaf286d98352a946e3dab466fd3dac,train,CONFIRMED,strict
/root/autodl-tmp/datasets_raw/tcmp300_raw/train/151.Solanum nigrum L./2ef87fd1a589c1bddeb5920e31a8e77b.jpg,151.Solanum nigrum L.,b4710b10b9ed28ada0f175f500b3fcd3d73c98511b1e01b64ef279c5961d30f2,train,REVIEW,strict
/root/autodl-tmp/datasets_raw/tcmp300_raw/train/151.Solanum nigrum L./7103163ab91289b2c39a6a10ef611dd9.jpg,151.Solanum nigrum L.,1cc71b4e4305a3f8bec11b36569ee39a86c924a34b7779ccee2830ad15f2f5fb,train,CONFIRMED,strict
/root/autodl-tmp/datasets_raw/tcmp300_raw/train/152.Agrimonia pilosa Ledeb./2c3c29d13cce26424e82147148abf6be.jpg,152.Agrimonia pilosa Ledeb.,044c739bee4d679586687b486acd963009319b7d269b5f2001948320c59c7ed8,train,REVIEW,strict
/root/autodl-tmp/datasets_raw/tcmp300_raw/train/153.Adenophora tetraphylla (Thunb.) Fisch./76fef04c787c32850a980d0e46e23a64.jpg,153.Adenophora tetraphylla (Thunb.) Fisch.,4864ac4cf1d5c6c0121695d4e6e7b991b52e18b80ee31377fbc0b4714dd38dc6,train,CONFIRMED,strict
/root/autodl-tmp/datasets_raw/tcmp300_raw/train/153.Adenophora tetraphylla (Thunb.) Fisch./f5f2774c0897b8867dd540ce78e52237.jpg,153.Adenophora tetraphylla (Thunb.) Fisch.,aaf4b05c18970ad2ae9746d7e1cdbe0efb22738ba735c05643da83f8421f0baa,train,CONFIRMED,strict
/root/autodl-tmp/datasets_raw/tcmp300_raw/train/154.Apocynum venetum L./91f5abdc55d6e774d1ebfb6147dd3c13.jpg,154.Apocynum venetum L.,cb5b29131e2accd7beb80a8d213dc963757e5eb3a5a3e1d149bdcff3c004887e,train,CONFIRMED,strict
/root/autodl-tmp/datasets_raw/tcmp300_raw/train/154.Apocynum venetum L./db3c1769968e382d936abfbb440f3ce6.jpg,154.Apocynum venetum L.,c87a66031d7f9cc9e49fe59c1544e80f2768c1c574b5d5528ee0667a23b77157,train,CONFIRMED,strict
/root/autodl-tmp/datasets_raw/tcmp300_raw/train/158.Astilbe chinensis (Maxim.) Franch. & Sav./029648ee961fa5c2d8550ace4bc8d275.jpg,158.Astilbe chinensis (Maxim.) Franch. & Sav.,640fe4b385cb4bcb52b66e200c1b2518a777ea193d4400a148ff5a551480c6af,train,REVIEW,strict
/root/autodl-tmp/datasets_raw/tcmp300_raw/train/158.Astilbe chinensis (Maxim.) Franch. & Sav./0b748a58186ae604553f40b73799d49c.jpg,158.Astilbe chinensis (Maxim.) Franch. & Sav.,1c8e1a14ce695bac6b5768844b1fde94dee2f9281c8e899e74ff771ed6d1adc0,train,CONFIRMED,strict
/root/autodl-tmp/datasets_raw/tcmp300_raw/train/158.Astilbe chinensis (Maxim.) Franch. & Sav./10629b8fc3aafadd255e4e159135132f.jpg,158.Astilbe chinensis (Maxim.) Franch. & Sav.,dba4d3602bf28797bac07689dd0b4c37a3617d2bd105dd93f425bb80acbd30da,train,REVIEW,strict
/root/autodl-tmp/datasets_raw/tcmp300_raw/train/158.Astilbe chinensis (Maxim.) Franch. & Sav./354cad330545344edff773c7ec3099f7.jpg,158.Astilbe chinensis (Maxim.) Franch. & Sav.,21756652e5725a42d1e66730a33078abe454652954cff3361bd888247c192dff,train,CONFIRMED,strict
/root/autodl-tmp/datasets_raw/tcmp300_raw/train/158.Astilbe chinensis (Maxim.) Franch. & Sav./76a69a7b4560b45bf689e2432f75b310.jpg,158.Astilbe chinensis (Maxim.) Franch. & Sav.,eb22d05d3040aa60199964e8235b9c02181405b8a4d78041a5dbafb10359e1db,train,CONFIRMED,strict
/root/autodl-tmp/datasets_raw/tcmp300_raw/train/158.Astilbe chinensis (Maxim.) Franch. & Sav./9bd9ef3746f36bbfb3856187b2eb5bba.jpg,158.Astilbe chinensis (Maxim.) Franch. & Sav.,466915bed47366040aefdbedbfba9cc9fd9f5c37284ac71cc989eb9446502411,train,CONFIRMED,strict
/root/autodl-tmp/datasets_raw/tcmp300_raw/train/158.Astilbe chinensis (Maxim.) Franch. & Sav./bb37a26320838dd509f3f6b3e98b4d72.jpg,158.Astilbe chinensis (Maxim.) Franch. & Sav.,163e06bfa1c7e1a8f5350032b8f9226040825b4d61dcc7c094833810e380cb37,train,REVIEW,strict
/root/autodl-tmp/datasets_raw/tcmp300_raw/train/158.Astilbe chinensis (Maxim.) Franch. & Sav./f41f57f130bc7721e211ba077af57d4e.jpg,158.Astilbe chinensis (Maxim.) Franch. & Sav.,d655d7ded19cfb5c17585d8e637c462efba4e11c9bbafe402100050c6e3df5b2,train,CONFIRMED,strict
/root/autodl-tmp/datasets_raw/tcmp300_raw/train/160.Verbena officinalis L./1ae0bb7154aa19c15fd6063e295777b1.jpg,160.Verbena officinalis L.,48c1e83a2aa047cf0779d03250005c99e34a4916b0b8a63de7f4ad882f564dbd,train,CONFIRMED,strict
/root/autodl-tmp/datasets_raw/tcmp300_raw/train/160.Verbena officinalis L./9812c3e2bb7121abb6fa7e6259aacf4f.png,160.Verbena officinalis L.,31f240f62c7b675b8f68f1b84b360f5678181db85eacdeb05e98cb59d718aaa7,train,CONFIRMED,strict
/root/autodl-tmp/datasets_raw/tcmp300_raw/train/162.Portulaca oleracea L./2cc9ffccdd1d3cba916001efe0f3fddf.jpg,162.Portulaca oleracea L.,62591ee135c56562215c214e895d241e1f0a2544f0223475b456a2acd09b3183,train,CONFIRMED,strict
/root/autodl-tmp/datasets_raw/tcmp300_raw/train/162.Portulaca oleracea L./c6cff86192dc2529d2b9d864847f3529.jpg,162.Portulaca oleracea L.,216e67f17a4753f05f74b9fd198c68f1e1a5d1d517d73f606c26ba19423ba865,train,CONFIRMED,strict
/root/autodl-tmp/datasets_raw/tcmp300_raw/train/162.Portulaca oleracea L./e8945fcfd3b8e7e7017c0b3f476b2eea.jpg,162.Portulaca oleracea L.,ecdbb17bbd1e5aaaffd2160ff52fef3b447b91178784d2492312ab9c452933ec,train,REVIEW,strict
/root/autodl-tmp/datasets_raw/tcmp300_raw/train/163.Aristolochia debilis Siebold & Zucc./bef83acdeab3db8078e8b03d32ebc373.jpg,163.Aristolochia debilis Siebold & Zucc.,fd0ff00f934eb0df48ac2670db700fa08e52afee64739166c5ee342a841c14d0,train,REVIEW,strict
/root/autodl-tmp/datasets_raw/tcmp300_raw/train/164.Baphicacanthus cusia(Nees)Bremek./54ec7cb73b49473815078fc71ebde206.jpg,164.Baphicacanthus cusia(Nees)Bremek.,e5f5482510619cb6bfabc9a28c86e4d0737f5e99095f4b4b0b39e85e83090744,train,REVIEW,strict
/root/autodl-tmp/datasets_raw/tcmp300_raw/train/164.Baphicacanthus cusia(Nees)Bremek./8177d62229a25623733e3c6b1391bd5a.jpg,164.Baphicacanthus cusia(Nees)Bremek.,c89cda16f53146ae0508a7f892958964b76ddb61f83dcc7185a25f5b3dd1073e,train,REVIEW,strict
/root/autodl-tmp/datasets_raw/tcmp300_raw/train/164.Baphicacanthus cusia(Nees)Bremek./f528934e08a3b5deb44ef3df7be2ddb1.jpg,164.Baphicacanthus cusia(Nees)Bremek.,25c6835d9b9e5ba7c81591a8e818424400c2064bb1dc65fb74ef240a4592c388,train,REVIEW,strict
/root/autodl-tmp/datasets_raw/tcmp300_raw/train/165.Ophiopogon japonicus (L. f.) Ker Gawl./19f455d89e95275982a0f7d4be8d97b2.jpg,165.Ophiopogon japonicus (L. f.) Ker Gawl.,6c7e2260ed9210b63681a3fbca7c7dfb0064d2a926dea699c22bcba16e8bdf1b,train,REVIEW,strict
/root/autodl-tmp/datasets_raw/tcmp300_raw/train/165.Ophiopogon japonicus (L. f.) Ker Gawl./af07d821c9618ea3b51eecdfd2eb312b.jpg,165.Ophiopogon japonicus (L. f.) Ker Gawl.,503ac1a0a887ba00e713630b5c5e14b715a26f586b4ba678d971dd65b2f62cb2,train,REVIEW,strict
/root/autodl-tmp/datasets_raw/tcmp300_raw/train/166.Vaccaria segetalis(Neck.)Garcke/222e05ab870c4ada67edfea8b39a78eb.jpg,166.Vaccaria segetalis(Neck.)Garcke,c41d8d8241b40572c834e24c120a2e9b1d50a45a3436a63979721dbf5320a508,train,REVIEW,strict
/root/autodl-tmp/datasets_raw/tcmp300_raw/train/166.Vaccaria segetalis(Neck.)Garcke/2f2a6d6373f07ff934df35ddc478a94d.jpg,166.Vaccaria segetalis(Neck.)Garcke,b4e97953c6ca481fce68b8e9875a19e46e040b108ee216480bfe151e634344c7,train,REVIEW,strict
/root/autodl-tmp/datasets_raw/tcmp300_raw/train/168.Ranunculus japonicus Thunb./e0f8740e5910abb47b712e128fcdce70.jpg,168.Ranunculus japonicus Thunb.,7b42cab11f2eedb8ad93acaea3f66f18e1ad34627c0600c7478b4fceb8ffa3df,train,REVIEW,strict
/root/autodl-tmp/datasets_raw/tcmp300_raw/train/170.Vitex negundo var. cannabifolia (Siebold & Zucc.) Hand.-Mazz./3e34a8e84c700ca71851f410de078895.jpg,170.Vitex negundo var. cannabifolia (Siebold & Zucc.) Hand.-Mazz.,5fd4506ad3dd0472bebe53eca2496bb3d6dd592deb8c299f72ebdb2e9ddd28fd,train,REVIEW,strict
/root/autodl-tmp/datasets_raw/tcmp300_raw/train/170.Vitex negundo var. cannabifolia (Siebold & Zucc.) Hand.-Mazz./8ebaa683aba57f1cca8bab083cd29ceb.jpg,170.Vitex negundo var. cannabifolia (Siebold & Zucc.) Hand.-Mazz.,cb157547e71fca612822b7b79c6cadb23588fe4fff60ff78d461b3ccd413411f,train,REVIEW,strict
/root/autodl-tmp/datasets_raw/tcmp300_raw/train/173.Oroxylum indicum (L.) Kurz/3f906297d300ea361e475ecc50b6ca1c.jpg,173.Oroxylum indicum (L.) Kurz,d7de45f28650fae07183b2e7bb4e4ff24e3ca869263f8f6bcfe63d4b60fded0b,train,REVIEW,strict
/root/autodl-tmp/datasets_raw/tcmp300_raw/train/173.Oroxylum indicum (L.) Kurz/4a676ae6df7ed31dca910d6bfd01041d.jpg,173.Oroxylum indicum (L.) Kurz,68a9909a55d9bcf0711ff657541d6350c4f0265dc675bddc9a4d3a4fcaed3542,train,REVIEW,strict
/root/autodl-tmp/datasets_raw/tcmp300_raw/train/173.Oroxylum indicum (L.) Kurz/59ecd1c70e09f1079877d9cf8e2d3c71.jpeg,173.Oroxylum indicum (L.) Kurz,d867c0687210ee83cbf31572f4cd7d05cd1e7a5e0e729a3dcae2621b5948b474,train,REVIEW,strict
/root/autodl-tmp/datasets_raw/tcmp300_raw/train/173.Oroxylum indicum (L.) Kurz/8034e6c9fa32b0c5e66ac6525a020ace.jpg,173.Oroxylum indicum (L.) Kurz,5f1d873618c45046b146665ad3df91f8fbd4bfbec7e49a82744a7fe2707ee77e,train,CONFIRMED,strict
/root/autodl-tmp/datasets_raw/tcmp300_raw/train/173.Oroxylum indicum (L.) Kurz/8324125a8ff5d2bdb3ac50f7bcde1bbc.jpg,173.Oroxylum indicum (L.) Kurz,9817aa10a5b0b9b20d4ce5f91dbb53e073b29ad61b3d4814a41b9bd1a079781e,train,REVIEW,strict
/root/autodl-tmp/datasets_raw/tcmp300_raw/train/173.Oroxylum indicum (L.) Kurz/a9d8e4472772c9436d0c08f1c26a6fde.jpg,173.Oroxylum indicum (L.) Kurz,afed2f99c944d884d1f2b81ad3b9b26d26affa079a22009e9a978239543ce665,train,REVIEW,strict
/root/autodl-tmp/datasets_raw/tcmp300_raw/train/173.Oroxylum indicum (L.) Kurz/f97ff57438c221e72ae7c94d585b1d1e.jpg,173.Oroxylum indicum (L.) Kurz,a7623cc2b11fe43d17b5bb394653462c8aa17c9d8cfad639e5724af9f8e34413,train,CONFIRMED,strict
/root/autodl-tmp/datasets_raw/tcmp300_raw/train/174.Hibiscus syriacus L./4a0f99966b742a6476bca57bfde4034a.jpg,174.Hibiscus syriacus L.,9c5c8c59ca8f5033613221edd9eee1045cf02b2016fc0d9e3617a3170a23c7f3,train,CONFIRMED,strict
/root/autodl-tmp/datasets_raw/tcmp300_raw/train/174.Hibiscus syriacus L./ac770e438be3376aac6a79b5d2cf7ce1.webp,174.Hibiscus syriacus L.,08c735ef577a22278179b5ec6c2b6782d7c9b10ed08f07b741452233bf15da02,train,CONFIRMED,strict
/root/autodl-tmp/datasets_raw/tcmp300_raw/train/175.Equisetum hyemale L./a389f170de23d680b759be1d8f60c5a1.jpg,175.Equisetum hyemale L.,5a8569fed22437f7e8e8b3633ffa6ae2c2081e4e91147ee34760143d19db969d,train,CONFIRMED,strict
/root/autodl-tmp/datasets_raw/tcmp300_raw/train/175.Equisetum hyemale L./e19c5bca5ddedfc43e7000893147fe49.jpg,175.Equisetum hyemale L.,daf7e340f9868c9b04ed70c13ba7bfb3f2e15ddf826848b2fb8b552e89a52b49,train,CONFIRMED,strict
/root/autodl-tmp/datasets_raw/tcmp300_raw/train/176.Nandina domestica Thunb./fb47b18df5d744a5ca2b5eb6a5a0b26a.jpg,176.Nandina domestica Thunb.,1e1780cdeb866cf83b021aac32b68d80633c63a803ec116e86082f63558e3bd0,train,CONFIRMED,strict
/root/autodl-tmp/datasets_raw/tcmp300_raw/train/179.Origanum vulgare L./556d6e86442fe202f76774e1605a6795.jpg,179.Origanum vulgare L.,58ccda8f12eb242242917e062280f4dcb140d5c79ada1bf66791bf833d452bff,train,REVIEW,strict
/root/autodl-tmp/datasets_raw/tcmp300_raw/train/179.Origanum vulgare L./7ad7ab9b7972fd613b6c2db2829755a2.jpg,179.Origanum vulgare L.,d3713f13ceeae359cf6e25575db350cb6a64fe7e1253b2bac7e9e840bd47672c,train,CONFIRMED,strict
/root/autodl-tmp/datasets_raw/tcmp300_raw/train/179.Origanum vulgare L./efc7abf511ac323bbfd8c9a465b65a21.jpg,179.Origanum vulgare L.,7be935ba136469e95a7c287f7e233d10c808107b6755260c881ae72e55cca234,train,CONFIRMED,strict
/root/autodl-tmp/datasets_raw/tcmp300_raw/train/179.Origanum vulgare L./f51a72dda8588e53caa9b85c1a1ab401.jpg,179.Origanum vulgare L.,c803bd0900a9349d06c54bd5cb969a448d9fb840785163ded07fda2284db1afa,train,REVIEW,strict
/root/autodl-tmp/datasets_raw/tcmp300_raw/train/179.Origanum vulgare L./facfc590c0904a7e25d592429601b43d.jpg,179.Origanum vulgare L.,aca916d1649a2cf0b6cf5eb4ae88921e26ddeafb4c08b4c2dcfb6855610af2c8,train,CONFIRMED,strict
/root/autodl-tmp/datasets_raw/tcmp300_raw/train/180.Ligustrum lucidum W. T. Aiton/e7d9f349797a798993ab350e1cc33113.jpg,180.Ligustrum lucidum W. T. Aiton,ab1dc6ca4f129087a52e84ab3fe3bc90373f138152df9162cce9d429c6095290,train,CONFIRMED,strict
/root/autodl-tmp/datasets_raw/tcmp300_raw/train/180.Ligustrum lucidum W. T. Aiton/e7f28bf67a1fc9d94bb32a826796d9ed.jpg,180.Ligustrum lucidum W. T. Aiton,bb428b11d9c6bc2711b021f72c50325e5b1f07d4028e40fa8db306b756e67513,train,CONFIRMED,strict
/root/autodl-tmp/datasets_raw/tcmp300_raw/train/181.Eupatorium fortunei Turcz./923570d973706faae9102f57ce9d1923.jpg,181.Eupatorium fortunei Turcz.,63747bdbb6fe436c54e1783aca23641478943b681435e11a0e6ac67c27780ddc,train,CONFIRMED,strict
/root/autodl-tmp/datasets_raw/tcmp300_raw/train/181.Eupatorium fortunei Turcz./cdb7b5e334116c26e8ccbffcd3d4a3ba.jpg,181.Eupatorium fortunei Turcz.,9942d0a15c41344dd433d7ffc1ae353f4af221074a1ec3a087d0421bec4b7d35,train,REVIEW,strict
/root/autodl-tmp/datasets_raw/tcmp300_raw/train/182.Eriobotrya japonica (Thunb.) Lindl./f98346e7ebee8e095783d4d66816ffba.jpg,182.Eriobotrya japonica (Thunb.) Lindl.,8eb9d2b0b834139caa8fb3afa4db9eb7e918604b859065420e3ac05a7c5d050d,train,CONFIRMED,strict
/root/autodl-tmp/datasets_raw/tcmp300_raw/train/184.Taraxacum mongolicum Hand.-Mazz./9572ee05ab12867a4181dac748beef8a.jpg,184.Taraxacum mongolicum Hand.-Mazz.,204f36b4531ebd2d93378189eb2f7c59b4ef75a26b6d32435e1868d57344476b,train,REVIEW,strict
/root/autodl-tmp/datasets_raw/tcmp300_raw/train/184.Taraxacum mongolicum Hand.-Mazz./df3f4de44929c0dfcb37792ae4fe30bf.jpg,184.Taraxacum mongolicum Hand.-Mazz.,bd0af38bff5e30a308de856c6c3d2cd70ff2eb9a37c8e58bc13af7979c13ded2,train,REVIEW,strict
/root/autodl-tmp/datasets_raw/tcmp300_raw/train/186.Paris polyphylla Sm./0861e14a01294d7de7073572791acf05.jpg,186.Paris polyphylla Sm.,e5f57c3d852a298c7a377e2a653a6a008a785cc48a9f0eb3a22fdf70d2afafcc,train,CONFIRMED,strict
/root/autodl-tmp/datasets_raw/tcmp300_raw/train/186.Paris polyphylla Sm./a2c3648b634f84c109a3344153e01cdf.jpg,186.Paris polyphylla Sm.,d8bb47819afc8f04d187f1e0a040f97ecc3d3e16adc2206566ba9b119ecc7499,train,CONFIRMED,strict
/root/autodl-tmp/datasets_raw/tcmp300_raw/train/187.Capsella bursa-pastoris (L.) Medik./81c7702a6ed0edde9270e4c823467fda.jpg,187.Capsella bursa-pastoris (L.) Medik.,bc2da226711a7699f4936cb8be31799da0f485aa54a3341c0e081ec4fa2f0abb,train,CONFIRMED,strict
/root/autodl-tmp/datasets_raw/tcmp300_raw/train/187.Capsella bursa-pastoris (L.) Medik./a7766855cbfae817855351c74ac68f25.jpg,187.Capsella bursa-pastoris (L.) Medik.,dd5de94cb99d0ffb6bea5af132a9b9466cf8619e523c0e8da38b02989168ac0a,train,REVIEW,strict
/root/autodl-tmp/datasets_raw/tcmp300_raw/train/191.Peucedanum praeruptorum Dunn/8f13576c6c4b1222feccbb25c9fd2dd5.jpg,191.Peucedanum praeruptorum Dunn,350452f95eb0d9496b1ef94ef0928b86581408a91b35e63172313153ac403390,train,REVIEW,strict
/root/autodl-tmp/datasets_raw/tcmp300_raw/train/193.Rubia  cordifolia L./438a8f13395b40319ff2339fbcffb775.jpg,193.Rubia  cordifolia L.,8a012c3e69d4709ec20e062d7498eddb50e96a228cfc0dcc17a67bf8494a3e4a,train,CONFIRMED,strict
/root/autodl-tmp/datasets_raw/tcmp300_raw/train/193.Rubia  cordifolia L./c78ca9a6fa972a13a44475facb073b5b.jpg,193.Rubia  cordifolia L.,de637be731937d9957838fe92bdc443cd1a9a7b33b80f133e21c5751958d2910,train,CONFIRMED,strict
/root/autodl-tmp/datasets_raw/tcmp300_raw/train/194.Fagopyrum esculentum Moench/31d3d44222e209393b4e001fd002506d.jpg,194.Fagopyrum esculentum Moench,8bbff1f7ec7f8a2cb413e5a4b063fd47fbd574f6b3a7ddc2cbac60b698b26cd9,train,REVIEW,strict
/root/autodl-tmp/datasets_raw/tcmp300_raw/train/195.Cardiocrinum cathayanum (E. H. Wilson) Stearn/c407184d35692538c3ae0504d6ce4764.jpg,195.Cardiocrinum cathayanum (E. H. Wilson) Stearn,0ce6fe5c6feab5625d4d67155ae09985478c7c49efd7b03f98eec5e5976e487b,train,CONFIRMED,strict
/root/autodl-tmp/datasets_raw/tcmp300_raw/train/195.Cardiocrinum cathayanum (E. H. Wilson) Stearn/fc89975e922b0f08d882ebedc53daca1.jpg,195.Cardiocrinum cathayanum (E. H. Wilson) Stearn,49510ac77beb4d9603b68b7125c38425d6eeef7b6cf6a6eaa938f7a61603a3ce,train,REVIEW,strict
/root/autodl-tmp/datasets_raw/tcmp300_raw/train/196.Torilis scabra (Thunb.) DC./82d6a98c7aa1ae12a1a459325518a909.jpg,196.Torilis scabra (Thunb.) DC.,58a819d1a98b81463792d6c0fef5a071a7853d4905cd39da03a0c6f774800028,train,CONFIRMED,strict
/root/autodl-tmp/datasets_raw/tcmp300_raw/train/196.Torilis scabra (Thunb.) DC./f93a193c05d6c4a06cec0a0349d2da29.jpg,196.Torilis scabra (Thunb.) DC.,7090386c0f84c4eeccbdfc80a05295cacc91de4ffae3a900d5f56a45dece03c7,train,CONFIRMED,strict
/root/autodl-tmp/datasets_raw/tcmp300_raw/train/197.Abutilon theophrasti Medikus/8c134388f423b5f8816deed861a06046.jpg,197.Abutilon theophrasti Medikus,20c8212706d302785596516c26e7bcf303d91ebbc77e2b132df1122eb3b3923c,train,CONFIRMED,strict
/root/autodl-tmp/datasets_raw/tcmp300_raw/train/197.Abutilon theophrasti Medikus/d205600190c399bbd1b0816800afe01f.jpg,197.Abutilon theophrasti Medikus,66a491a7a622758bb7a9ab6919f84cd14d3148936227ef2639bb1f694aa1659b,train,CONFIRMED,strict
/root/autodl-tmp/datasets_raw/tcmp300_raw/train/199.P.bistorta L./7a7691cb26998466cf4c4f327f03b93c.jpg,199.P.bistorta L.,f8e1ce0752f02a58f895a657e4cec3aca6b3a2d9d3b96feca60cde1bde12ad88,train,CONFIRMED,strict
/root/autodl-tmp/datasets_raw/tcmp300_raw/train/199.P.bistorta L./9372a56d0167d1ea78fa3544003d52bd.jpg,199.P.bistorta L.,6cee2bcc624d017d2a09b575d29653be36fffac37d5e944e85bb067a1c8075c4,train,REVIEW,strict
/root/autodl-tmp/datasets_raw/tcmp300_raw/train/200.Panax ginseng C. A. Mey./6153e537a22f3272c7b901f80c4edded.jpg,200.Panax ginseng C. A. Mey.,3bcd9f55f7049b7c3d26525197a12145d6110b7a1a0ee3cd2573bd838a131770,train,CONFIRMED,strict
/root/autodl-tmp/datasets_raw/tcmp300_raw/train/200.Panax ginseng C. A. Mey./b29c08f64b4ec499d1ca09f5ead15ee6.jpg,200.Panax ginseng C. A. Mey.,e36305009e44f67abb48c01ed0f6f9a4b74b5a78116f9ba44579f6cff9de3850,train,REVIEW,strict
/root/autodl-tmp/datasets_raw/tcmp300_raw/train/201.Lonicera japonica Thunb./b21a53e8e1d5e36856dfc985beb7a583.jpg,201.Lonicera japonica Thunb.,18b59125a5a4aec72056a60e24113fa4e546d445938d7d2b080d949110ec9825,train,CONFIRMED,strict
/root/autodl-tmp/datasets_raw/tcmp300_raw/train/202.Euphorbia esula L./29f63596222ef545ccb496fbaecc94d5.jpg,202.Euphorbia esula L.,acc02e1d396180de79d3d934478e50f7d3fc44cc6d463b7413b6a77edc94eb32,train,CONFIRMED,strict
/root/autodl-tmp/datasets_raw/tcmp300_raw/train/202.Euphorbia esula L./4e0e5ccd933ccb82e0e30fe8d60e1ac6.jpg,202.Euphorbia esula L.,f89c1e3f2cc118f16f0a8af60f2529b889657b5deb87307bea112cae4470094d,train,CONFIRMED,strict
/root/autodl-tmp/datasets_raw/tcmp300_raw/train/202.Euphorbia esula L./8ae1ff86a4231894fff713b39a2426f3.jpg,202.Euphorbia esula L.,b7cf195212a8d0ab37654edccbe7db2a16dac4233a8c3dfaa901f92f03edb463,train,CONFIRMED,strict
/root/autodl-tmp/datasets_raw/tcmp300_raw/train/202.Euphorbia esula L./c171795223582820d7aa1d812954179b.jpg,202.Euphorbia esula L.,7257d3cbeb49202b91a448ecb63bd7129b203dd16465548ad2cc47e47a59b7cc,train,CONFIRMED,strict
/root/autodl-tmp/datasets_raw/tcmp300_raw/train/203.Saururus chinensis (Lour.) Baill./b092b1ce0a25e1154f57d6c4e37c6946.jpg,203.Saururus chinensis (Lour.) Baill.,eb6abc689a9e7b963882c15bf9a6750e37ea8d19186bae446aae9e643eb5f5dd,train,CONFIRMED,strict
/root/autodl-tmp/datasets_raw/tcmp300_raw/train/203.Saururus chinensis (Lour.) Baill./cea960d98cb9630a81dca7a2d06eacf3.jpg,203.Saururus chinensis (Lour.) Baill.,e8c2606febf66b0d39c4e33c020dcc6b8cd9075daf9d399e729af4859b65ab8e,train,REVIEW,strict
/root/autodl-tmp/datasets_raw/tcmp300_raw/train/203.Saururus chinensis (Lour.) Baill./e89c2f6330cab1bb8a15a5aff4543231.jpg,203.Saururus chinensis (Lour.) Baill.,ebaa5b74e208c3050aa771b3b0614461155bcbc02d018edb9f01477c80c45c0d,train,CONFIRMED,strict
/root/autodl-tmp/datasets_raw/tcmp300_raw/train/205.Panax notoginseng (Burkill) F. H. Chen ex C. H. Chow/765a6d6a3a11707bd65eed8ad91c4aca.jpg,205.Panax notoginseng (Burkill) F. H. Chen ex C. H. Chow,cc7e3815ce295501557ae45dfb75cf31604a79f484579416a361e7f7dd7e4500,train,CONFIRMED,strict
/root/autodl-tmp/datasets_raw/tcmp300_raw/train/205.Panax notoginseng (Burkill) F. H. Chen ex C. H. Chow/7957061da8e56b090f0629bf74125249.jpg,205.Panax notoginseng (Burkill) F. H. Chen ex C. H. Chow,8b7b92ce20d9bc2cdb58504b6924a5c1f8bd9f8b852512f7fc333726a4d42255,train,CONFIRMED,strict
/root/autodl-tmp/datasets_raw/tcmp300_raw/train/205.Panax notoginseng (Burkill) F. H. Chen ex C. H. Chow/dbdbc6425b1cb33284756df7101ff70c.jpg,205.Panax notoginseng (Burkill) F. H. Chen ex C. H. Chow,3fd88aa5628271850780430128e392237fb3c92679900426937a9e06701a564e,train,REVIEW,strict
/root/autodl-tmp/datasets_raw/tcmp300_raw/train/208.Glehnia littoralis F. Schmidt ex Miq./8cf1c42d2a1b5aa8540de811744351d7.jpeg,208.Glehnia littoralis F. Schmidt ex Miq.,749c1a2ce30da894412e9b2dcf911cdd0bed2617edb345a65aeaeaa2187d43c4,train,REVIEW,strict
/root/autodl-tmp/datasets_raw/tcmp300_raw/train/212.Corydalis ophiocarpa Hook. f. & Thomson/612c3b69027da5e5650ecf4a96b0ed72.jpg,212.Corydalis ophiocarpa Hook. f. & Thomson,06f455d14c2dfe4fe570256218f947bf66e031341f404a84803deb9cb0700b1e,train,CONFIRMED,strict
/root/autodl-tmp/datasets_raw/tcmp300_raw/train/212.Corydalis ophiocarpa Hook. f. & Thomson/f6aa51a1e0a05b798a1bceaafefec966.jpg,212.Corydalis ophiocarpa Hook. f. & Thomson,8c2dc998f64a3089ffd1b7d1a62a52a62a6c32d0b796f169bfc0b1b8393eae5e,train,CONFIRMED,strict
/root/autodl-tmp/datasets_raw/tcmp300_raw/train/213.Belamcanda chinensis (L.) Redouté/a014d56dc64af7bcd4eccf8655b011da.jpg,213.Belamcanda chinensis (L.) Redouté,0c9b01a933e6c7045f245ef99f3f48c39f8bb03e6c3963f059d590920ca0d981,train,REVIEW,strict
/root/autodl-tmp/datasets_raw/tcmp300_raw/train/213.Belamcanda chinensis (L.) Redouté/a5b95d0ce5cf23350df8fadd92570fac.jpg,213.Belamcanda chinensis (L.) Redouté,a2e253f12c32fbe299da45f76847f5bb21f52475d6fdb87307ccfd9bbcf99082,train,REVIEW,strict
/root/autodl-tmp/datasets_raw/tcmp300_raw/train/214.Actaea cimicifuga L./753ba4f515ffc360227ebfbf7cbc3fbb.jpg,214.Actaea cimicifuga L.,d889358200bc14e3807593c1e4e3fa525b8f47243f3bc5b7a7ba9eecb9a1e9fa,train,CONFIRMED,strict
/root/autodl-tmp/datasets_raw/tcmp300_raw/train/216.Mahonia fortunei (Lindl.) Fedde/9dd04d049433cf9f9557f73da95cdcfc.jpg,216.Mahonia fortunei (Lindl.) Fedde,50a1d71a260669c48b50a20ab1548b7efea11656209291ca366fa112483b932a,train,CONFIRMED,strict
/root/autodl-tmp/datasets_raw/tcmp300_raw/train/217.Centipeda minima (L.) A. Braun & Asch./055c8f7120e9ea442699326405b3ebe0.jpeg,217.Centipeda minima (L.) A. Braun & Asch.,0342987305c30dbcf557784c8d73ef9e53fc5b3989e7085cb101a5d2caf90baa,train,REVIEW,strict
/root/autodl-tmp/datasets_raw/tcmp300_raw/train/217.Centipeda minima (L.) A. Braun & Asch./663b160594d587aaa3f6cff37f98ed1d.jpeg,217.Centipeda minima (L.) A. Braun & Asch.,557a792db1f4577fb5e1dc0e5cc3d251279e4f5c87db95e7fd913eaa69518b50,train,CONFIRMED,strict
/root/autodl-tmp/datasets_raw/tcmp300_raw/train/218.Ranunculus sceleratus L./aeb8ad5c5f7eea84ec6750f2eac3aef7.jpg,218.Ranunculus sceleratus L.,231f32c0119019801007a87f0f77b3fd93e292c04e1f215d995df25cd39b9282,train,REVIEW,strict
/root/autodl-tmp/datasets_raw/tcmp300_raw/train/219.Lycoris radiata (L'Hér.) Herb./52c797edaf181ad0686f3860fe30ba74.jpg,219.Lycoris radiata (L'Hér.) Herb.,95e7d81e4d6e18cbe9b695f1c10de41f22e82b3ffda679ed8103007ea1835128,train,REVIEW,strict
/root/autodl-tmp/datasets_raw/tcmp300_raw/train/219.Lycoris radiata (L'Hér.) Herb./c9dba4a44761a4bab70544bdb925c8a4.jpg,219.Lycoris radiata (L'Hér.) Herb.,38f1cdfb2e9b54dbd2cd98f528d1939ec7a0b686cc20837e2e27c669c152ce5c,train,CONFIRMED,strict
/root/autodl-tmp/datasets_raw/tcmp300_raw/train/220.Pyrrosia lingua (Thunb.) Farw./1916d845f43ca4009b0f0d11a997a938.jpg,220.Pyrrosia lingua (Thunb.) Farw.,8325e3ff98d7adc19c431298f1c3d3c4cc2703484db18b680f34de4ae662077d,train,REVIEW,strict
/root/autodl-tmp/datasets_raw/tcmp300_raw/train/220.Pyrrosia lingua (Thunb.) Farw./8cf2746011dd6b8c8fc5a30a4f2369a3.jpg,220.Pyrrosia lingua (Thunb.) Farw.,ad4d1da48ce486b7a3f693395720cadda4f0e8ca9b211230ab43200b2479e10a,train,CONFIRMED,strict
/root/autodl-tmp/datasets_raw/tcmp300_raw/train/220.Pyrrosia lingua (Thunb.) Farw./997f17de046238dfac6d5b24e66ef4e4.jpg,220.Pyrrosia lingua (Thunb.) Farw.,64b88f1b743593daec4737fd13586aea8c7b0a29121c1ce228cd67c240c6b58e,train,REVIEW,strict
/root/autodl-tmp/datasets_raw/tcmp300_raw/train/223.Dioscorea polystachya Turcz./5d90c996f848b0411b262ca0179e87a8.jpg,223.Dioscorea polystachya Turcz.,c7888fcd00f5211e99a0744a00fc9e707c339bf9f6fa0d3df411a013620f54db,train,CONFIRMED,strict
/root/autodl-tmp/datasets_raw/tcmp300_raw/train/224.Persicaria hydropiper (L.) Spach/04675ee8e4867ab60c85a0e94bc726a7.jpg,224.Persicaria hydropiper (L.) Spach,5bae6ce2a91c3eadc6cb963a5af2ae8dadf5a31fa72600cf0113898f5419e449,train,CONFIRMED,strict
/root/autodl-tmp/datasets_raw/tcmp300_raw/train/224.Persicaria hydropiper (L.) Spach/64520d072afe92127af5af2e67f75b5d.jpg,224.Persicaria hydropiper (L.) Spach,4b124f48e750fafaaef25e2a4543cb75d2f5211a2152dafe839a7011bb75f206,train,CONFIRMED,strict
/root/autodl-tmp/datasets_raw/tcmp300_raw/train/225.Isatis tinctoria L./80f5a6f3bfcca0e138ba966b3e1e5496.jpg,225.Isatis tinctoria L.,b64a8a730a91d7c975a87c94f1b3caa3a1e5f99d5a4901701588b43e4e2d4833,train,CONFIRMED,strict
/root/autodl-tmp/datasets_raw/tcmp300_raw/train/225.Isatis tinctoria L./b41cc0aa8caa4311126c2e20a2bea49d.jpg,225.Isatis tinctoria L.,8b8142f97380173dfdefed54d0e1a7cf37d7f1c9e49f820e274a5a05b0fd0505,train,CONFIRMED,strict
/root/autodl-tmp/datasets_raw/tcmp300_raw/train/226.Cycas revoluta Thunb./faee3b76f8e65e92ee7816ccc21ae505.jpg,226.Cycas revoluta Thunb.,3d452f74b68d4d118ec4b181ca94bf826df5d8227d44a1aa0779b58d57a18931,train,CONFIRMED,strict
/root/autodl-tmp/datasets_raw/tcmp300_raw/train/230.Asparagus cochinchinensis (Lour.) Merr./4684b30c4b9885e84ffca9453ed007ea.jpg,230.Asparagus cochinchinensis (Lour.) Merr.,29db41457a7984784d535d474bf81bbebc47e59de1f53d79515469595940e7f8,train,REVIEW,strict
/root/autodl-tmp/datasets_raw/tcmp300_raw/train/231.Carpesium abrotanoides L./12ee709ed9622b215832001c4ccf7d43.png,231.Carpesium abrotanoides L.,8e305edffb0d1779949be27bddd5e5cb055a16cee891db338fbe0700223c7dea,train,REVIEW,strict
/root/autodl-tmp/datasets_raw/tcmp300_raw/train/231.Carpesium abrotanoides L./17f488ed95dbf1298d61928b442b34a2.jpg,231.Carpesium abrotanoides L.,d7e1435b95f3ccf94ebe58ef2569508d9eef3503b1fb3a8a5b6433d4289bfc14,train,REVIEW,strict
/root/autodl-tmp/datasets_raw/tcmp300_raw/train/233.Convolvulus arvensis L./10b514578f17edc7b5a387f02f1f1979.jpg,233.Convolvulus arvensis L.,78558ab0d3a3405180560d0d0cfc4cbd77629f7d2947e182687652f42686253d,train,CONFIRMED,strict
/root/autodl-tmp/datasets_raw/tcmp300_raw/train/233.Convolvulus arvensis L./2d8d1f5b2eec1235eee92d52fe042ef2.jpg,233.Convolvulus arvensis L.,b079be4dde99205ce2ef5abd547ebb8f1d49e96569b017dc65ab89d89681ae7b,train,CONFIRMED,strict
/root/autodl-tmp/datasets_raw/tcmp300_raw/train/233.Convolvulus arvensis L./2f5e7606099d1df32cf5bd35c2fefc51.jpg,233.Convolvulus arvensis L.,1d298cc7e4b6e35a4bf412b8568f4658fffebfdd344ab8a8876569900e6cf36f,train,CONFIRMED,strict
/root/autodl-tmp/datasets_raw/tcmp300_raw/train/233.Convolvulus arvensis L./3d6fb528d076867521f17f0b44713494.jpg,233.Convolvulus arvensis L.,953929a0d1552db758763452d71ba2dd2bdedf3cd9a44a99d55969648d5f47da,train,CONFIRMED,strict
/root/autodl-tmp/datasets_raw/tcmp300_raw/train/233.Convolvulus arvensis L./c00480691b77fd728ca990600c79c587.jpg,233.Convolvulus arvensis L.,c8ef5c5599e518542f9e6ecedcda31d59e54e771e828fe8d65344d5ba4ed7038,train,CONFIRMED,strict
/root/autodl-tmp/datasets_raw/tcmp300_raw/train/233.Convolvulus arvensis L./db961422221e80c1a1740979a476fe3c.jpg,233.Convolvulus arvensis L.,41b26abe3c421e1522fb49fe40ef4af88f18b85a95e467b9381010706e09948b,train,CONFIRMED,strict
/root/autodl-tmp/datasets_raw/tcmp300_raw/train/234.Acalypha australis L./11d9d3f008f9916e9ca1989e0dcd1d59.jpg,234.Acalypha australis L.,8885a03b3a70e32f9125a54bbb4343cd7f97af24a2536290d072afab524fabed,train,CONFIRMED,strict
/root/autodl-tmp/datasets_raw/tcmp300_raw/train/234.Acalypha australis L./32a412e3720422f6c9cc93155fb9f1b9.jpg,234.Acalypha australis L.,929175c28faff10c1bf531acb2a049b4edf6414a347d8385642b64420e27094e,train,CONFIRMED,strict
/root/autodl-tmp/datasets_raw/tcmp300_raw/train/234.Acalypha australis L./a1eae2160f292fbdc8197be3e81a2919.jpeg,234.Acalypha australis L.,874161b0d5b8451c2945e34b8e23bdd19f407ae53322359f151d7410c289703f,train,CONFIRMED,strict
/root/autodl-tmp/datasets_raw/tcmp300_raw/train/234.Acalypha australis L./dbd258685f041da89d2b40342d856853.jpg,234.Acalypha australis L.,e3813e77839de5b28e3968b8ebd0380d88cc7ed4e846b85294ac0b576e53cfe0,train,CONFIRMED,strict
/root/autodl-tmp/datasets_raw/tcmp300_raw/train/234.Acalypha australis L./f503594f297111f34b04a3270a362801.jpg,234.Acalypha australis L.,82bee01d0e546493a12ec93586e30b1df3b1f5a8d01b36438208f1452ad05837,train,CONFIRMED,strict
/root/autodl-tmp/datasets_raw/tcmp300_raw/train/237.Mazus pumilus (Burm. f.) Steenis/a64e676f2cf5aa8bd63bf97c15ac1945.jpeg,237.Mazus pumilus (Burm. f.) Steenis,f1de3d61770458df398b0800aa2ad5fcb0f290f3cf0ba414b6b8a5f5d5fe0ece,train,CONFIRMED,strict
/root/autodl-tmp/datasets_raw/tcmp300_raw/train/238.Tetrapanax papyrifer (Hook.) K. Koch/e0d004b81f0ba3e230ce3d88d290d6fe.jpg,238.Tetrapanax papyrifer (Hook.) K. Koch,4f38a3a54101f9b6b7d5b059e9234671605a47c25e7d81cc665f9bf216f97125,train,CONFIRMED,strict
/root/autodl-tmp/datasets_raw/tcmp300_raw/train/238.Tetrapanax papyrifer (Hook.) K. Koch/f321aed826aa28044e3bfe5e8e8ab570.jpg,238.Tetrapanax papyrifer (Hook.) K. Koch,b3d9b3837507e692c39bf436aae8887dfa6f0021e72befe9c06a1166ebcffb4f,train,CONFIRMED,strict
/root/autodl-tmp/datasets_raw/tcmp300_raw/train/240.Talinum paniculatum (Jacq.) Gaertn./56e17a6dc3d9cdbd6e85282685b20b99.jpeg,240.Talinum paniculatum (Jacq.) Gaertn.,0b96b08fc217e4d131a26c553047d170f49891552a73a907aab4c9c8c00a0e47,train,REVIEW,strict
/root/autodl-tmp/datasets_raw/tcmp300_raw/train/240.Talinum paniculatum (Jacq.) Gaertn./793a9bee0a05dadc5cb8909cfa74f00e.jpg,240.Talinum paniculatum (Jacq.) Gaertn.,083c70f70d52da39c8194adbd68141b76a3e4f669aa8d86eb24a2f4c99569367,train,CONFIRMED,strict
/root/autodl-tmp/datasets_raw/tcmp300_raw/train/241.Syneilesis aconitifolia (Bunge) Maxim./0fc639119297d9dd3df3e9c17eeefadf.jpg,241.Syneilesis aconitifolia (Bunge) Maxim.,077a0e819cdd70884b1551fb4227a7895efca7d2b5a8bdf724ef3175a58a7bb7,train,CONFIRMED,strict
/root/autodl-tmp/datasets_raw/tcmp300_raw/train/241.Syneilesis aconitifolia (Bunge) Maxim./18ee8f042622ec3fd09c0cb8f4a5f09a.jpg,241.Syneilesis aconitifolia (Bunge) Maxim.,475234799f07c93e4b6cf071f8c8f87d617996643f9ee4d449d3f7be359ad5c0,train,REVIEW,strict
/root/autodl-tmp/datasets_raw/tcmp300_raw/train/241.Syneilesis aconitifolia (Bunge) Maxim./24b54a4a11ac3cb0b88e78ed25e3b927.jpg,241.Syneilesis aconitifolia (Bunge) Maxim.,f07f26178b3f9b965a34884ee7891730bc8131380ccfb2782932dfaed9d3ec34,train,REVIEW,strict
/root/autodl-tmp/datasets_raw/tcmp300_raw/train/241.Syneilesis aconitifolia (Bunge) Maxim./596f412ed88b6e939dfbe4d447a272ee.jpg,241.Syneilesis aconitifolia (Bunge) Maxim.,9e2be75693a375011523beee12b0efe7aae66bf65945af0005e97b09e7362b8c,train,CONFIRMED,strict
/root/autodl-tmp/datasets_raw/tcmp300_raw/train/241.Syneilesis aconitifolia (Bunge) Maxim./7150e5c741ebe7f6f50e3528187292a6.jpg,241.Syneilesis aconitifolia (Bunge) Maxim.,67b4bf3dc32052fa72d1b26b7de9a298fe7152e5d5ff86b721c20d67d50cbc89,train,CONFIRMED,strict
/root/autodl-tmp/datasets_raw/tcmp300_raw/train/241.Syneilesis aconitifolia (Bunge) Maxim./b0bf692f42476f3c35e90df154271ed0.jpg,241.Syneilesis aconitifolia (Bunge) Maxim.,0fab016973e5d7a1f96427a957fbcf66e7ce7a79c69769090d706c259690ce16,train,CONFIRMED,strict
/root/autodl-tmp/datasets_raw/tcmp300_raw/train/241.Syneilesis aconitifolia (Bunge) Maxim./d5fd01b295ad204bcdb61d0cd124fb3d.jpg,241.Syneilesis aconitifolia (Bunge) Maxim.,a8051f24c2143761cf77f1d4c85363454f8be6ea00561e8cb7de1b931b5c32c1,train,REVIEW,strict
/root/autodl-tmp/datasets_raw/tcmp300_raw/train/242.Cuscuta chinensis Lam./0adbd52e32c706ec8e353d0c80cefb6f.jpeg,242.Cuscuta chinensis Lam.,a4664b4bfec1f5cccbbd743c2e5b67e3e6c15bc7b8df9196b95b148bf8d09a2c,train,CONFIRMED,strict
/root/autodl-tmp/datasets_raw/tcmp300_raw/train/242.Cuscuta chinensis Lam./181d6faebcc0ee01ed05db16ed2472ab.jpg,242.Cuscuta chinensis Lam.,ace4d1668af157447b5c83861807b7be206b122b8edf57f97be296bb2462d69b,train,REVIEW,strict
/root/autodl-tmp/datasets_raw/tcmp300_raw/train/242.Cuscuta chinensis Lam./61f8736a3db73e67e0de626ecc8d1826.jpg,242.Cuscuta chinensis Lam.,f575264be0d00957c55e7fbe06089a88e789af3b14e08e60bd3b660be2e48294,train,REVIEW,strict
/root/autodl-tmp/datasets_raw/tcmp300_raw/train/242.Cuscuta chinensis Lam./8a23d2b71391ff5296a25585751754fa.jpg,242.Cuscuta chinensis Lam.,ce1acbb094dd6e99d1e50059db1ef269ca144d9ec04425d284603f0c03d5f4d1,train,CONFIRMED,strict
/root/autodl-tmp/datasets_raw/tcmp300_raw/train/244.Lepisorus thunbergianus (Kaulf.) Ching/0b358b673ea5798456af3f00b332f72f.jpg,244.Lepisorus thunbergianus (Kaulf.) Ching,65f5a91721d862bd822597df4b499f6889c47d11e45881534ce9685e5033f341,train,REVIEW,strict
/root/autodl-tmp/datasets_raw/tcmp300_raw/train/247.Triadica sebifera (L.) Small/b2aec1b8d8ce0dc4ace82a92c6f1262d.jpg,247.Triadica sebifera (L.) Small,c85d24e39f4784778e346837badbd0e29de600a1a21df5efe3d669120814e8ad,train,REVIEW,strict
/root/autodl-tmp/datasets_raw/tcmp300_raw/train/249.Schisandra chinensis (Turcz.) Baill./0c4df918ba81232e157756195713a303.jpg,249.Schisandra chinensis (Turcz.) Baill.,728cb398ea8ee1795329fbc3d18d6a5e6dbfb813ae77cf695d34341e6c322ee0,train,CONFIRMED,strict
/root/autodl-tmp/datasets_raw/tcmp300_raw/train/249.Schisandra chinensis (Turcz.) Baill./780d4e251780db7259ed2a6192629dc9.jpg,249.Schisandra chinensis (Turcz.) Baill.,a6fcce9d220bc1aeefc4713a8a9ca80bdf9d5f46e2d088ed2071ef2f5c6f5011,train,CONFIRMED,strict
/root/autodl-tmp/datasets_raw/tcmp300_raw/train/249.Schisandra chinensis (Turcz.) Baill./d8414c887509f8351e9e0cc6b8844732.jpg,249.Schisandra chinensis (Turcz.) Baill.,053f47822ccb0bf024186c131d8ddbb1b395dc1b5ceb463069188a967a624903,train,CONFIRMED,strict
/root/autodl-tmp/datasets_raw/tcmp300_raw/train/249.Schisandra chinensis (Turcz.) Baill./f0e7b70aec7d03413142047a2a061def.jpg,249.Schisandra chinensis (Turcz.) Baill.,9e3fadbf9293e6eecb2564827d5c16cd60c1f309a66a7afbd6ab43e784b0f60e,train,CONFIRMED,strict
/root/autodl-tmp/datasets_raw/tcmp300_raw/train/250.Thlaspi arvense L./3cd900c48fb3d16bf4aac2b5d0c981c2.jpg,250.Thlaspi arvense L.,c1f1473df2a4410a6dc777d671e909232a6f82991047db60cdb98d6f1f1167f9,train,CONFIRMED,strict
/root/autodl-tmp/datasets_raw/tcmp300_raw/train/251.Siegesbeckia orientalis L/a36b9ec89477bcc8cfe8061d25a43d22.jpg,251.Siegesbeckia orientalis L,c925feeeecea1b65e73dee78b8269e24c1737d63438f18378070b1a9a3588f29,train,CONFIRMED,strict
/root/autodl-tmp/datasets_raw/tcmp300_raw/train/251.Siegesbeckia orientalis L/cfee664fe307dcc3e9c5121d9e43e67a.jpeg,251.Siegesbeckia orientalis L,4b99cbe56fa354d35d0bce67c41af1764431a9957ce7c631500c5a08166eb2d0,train,REVIEW,strict
/root/autodl-tmp/datasets_raw/tcmp300_raw/train/252.Asarum heterotropoides F. Schmidt/3033e0b1460347bdafb96467c915829a.jpg,252.Asarum heterotropoides F. Schmidt,b963bb0edc71b51cbf17a23541edece3f42a7a528b7c048b00280eb788fde956,train,CONFIRMED,strict
/root/autodl-tmp/datasets_raw/tcmp300_raw/train/253.Eleutherococcus nodiflorus (Dunn) S. Y. Hu/a5fc31f97626abb638ada570a007d841.jpg,253.Eleutherococcus nodiflorus (Dunn) S. Y. Hu,b01914fe48a6b812d83d60fce45a62e0177d033791cea5b77ac0ab6671ec29e5,train,CONFIRMED,strict
/root/autodl-tmp/datasets_raw/tcmp300_raw/train/253.Eleutherococcus nodiflorus (Dunn) S. Y. Hu/f1d95ed73c5722742063a064f4c1e5f1.jpg,253.Eleutherococcus nodiflorus (Dunn) S. Y. Hu,4dfded29b5f1a9737131c7b06eb3c9fcd2b80209843a36c107eba22eb260fc6e,train,CONFIRMED,strict
/root/autodl-tmp/datasets_raw/tcmp300_raw/train/254.Bupleurum scorzonerifolium Willd./2bfd2532164c2297ee1634c3f7d6d5b1.jpg,254.Bupleurum scorzonerifolium Willd.,a03132f3b19e826b4f1e052fa3a7e2b21653bfcc9f8988dc5e1f5895d2d22b64,train,CONFIRMED,strict
/root/autodl-tmp/datasets_raw/tcmp300_raw/train/255.Prunella vulgaris L./0aadf4c71fce4a5dbdac20ab90613120.jpg,255.Prunella vulgaris L.,26b373a325ca1a4f4a5bcc193ec48ab7839ab6184c93b29d007e537413967b69,train,REVIEW,strict
/root/autodl-tmp/datasets_raw/tcmp300_raw/train/255.Prunella vulgaris L./1d1b2fc6fc28cb3b4cdbfa11680866af.jpg,255.Prunella vulgaris L.,aeb5859469e2413a3a1720325c3381d01c3f2c58593ad1b3274af3f599ad3639,train,CONFIRMED,strict
/root/autodl-tmp/datasets_raw/tcmp300_raw/train/255.Prunella vulgaris L./b5b34ec9503958259c5d39bd23305f55.jpg,255.Prunella vulgaris L.,c59964c729be2d916a4d7e8827df010e2f66354aaeecbf72e625547db6946f59,train,CONFIRMED,strict
/root/autodl-tmp/datasets_raw/tcmp300_raw/train/256.Curculigo orchioides Gaertn./1ad4397596db5b78b55e5e20d03539db.jpg,256.Curculigo orchioides Gaertn.,69437ce2d0b13906380f2db9f98398b7fb9c2503bcb0f4b43d67148782092688,train,CONFIRMED,strict
/root/autodl-tmp/datasets_raw/tcmp300_raw/train/257.Cyperus rotundus L./92e01070bbe1fd5911550b7b9e167fa1.jpg,257.Cyperus rotundus L.,9e1da4983c5a42676e537101c5e4572a506f992662cdae01bce3e6ecf13eb3ba,train,CONFIRMED,strict
/root/autodl-tmp/datasets_raw/tcmp300_raw/train/258.Vicia hirsuta (L.) Gray/05a714c43c504ae588a0f220a94c34b1.jpg,258.Vicia hirsuta (L.) Gray,4839911b998075e4a57e6289f9efffd8a13a198db4885bf8a8437b32d130af46,train,REVIEW,strict
/root/autodl-tmp/datasets_raw/tcmp300_raw/train/258.Vicia hirsuta (L.) Gray/86cc37e5b77e491a7f267298d891c771.jpg,258.Vicia hirsuta (L.) Gray,61456dde0a5512e85c57cc058eee6b0a1bdde78ccfe525fe34bde5fe931da89c,train,REVIEW,strict
/root/autodl-tmp/datasets_raw/tcmp300_raw/train/258.Vicia hirsuta (L.) Gray/903f5facd33166dfdbc29914f77f511e.jpg,258.Vicia hirsuta (L.) Gray,8f60fdd34bea823f771319f2d13cdee1fb59c46c2a85469cc6f0cc7aa085bf4a,train,REVIEW,strict
/root/autodl-tmp/datasets_raw/tcmp300_raw/train/258.Vicia hirsuta (L.) Gray/da5dd6d2e1d9a32e2b5af31f83ad3fac.jpg,258.Vicia hirsuta (L.) Gray,2f08fa5804f149ec56198dd347fbcfcd1702e5a395e5ff20c3d280f740f750c2,train,REVIEW,strict
/root/autodl-tmp/datasets_raw/tcmp300_raw/train/258.Vicia hirsuta (L.) Gray/dc6a0f739b1519c297131d2bf17a891e.jpg,258.Vicia hirsuta (L.) Gray,07a17dc7778bd8f919725dc2f061a30ec6ea05ce854d36d3d5877f9f175b9d0f,train,REVIEW,strict
/root/autodl-tmp/datasets_raw/tcmp300_raw/train/258.Vicia hirsuta (L.) Gray/e1cfb38b2d90b13095a56d0e8b86ac58.jpg,258.Vicia hirsuta (L.) Gray,6920ebfc6ee014a1f305649e3c5ba6d3c816d13cc52cc0d457b7b0d9f3dad11c,train,REVIEW,strict
/root/autodl-tmp/datasets_raw/tcmp300_raw/train/259.Allium macrostemon Bunge/66958b3bd3b3b03cd9843def56d3be41.jpg,259.Allium macrostemon Bunge,a312cbba49b24ff9330b46a226ea63d0487d380cccff7fa71f6545e10177ee23,train,CONFIRMED,strict
/root/autodl-tmp/datasets_raw/tcmp300_raw/train/260.Vincetoxicum pycnostelma Kitag./22b2448a092429042866e32cc461d4a6.png,260.Vincetoxicum pycnostelma Kitag.,2969e1ebc8521c21bb75b2c133c5a590ec6d63a0c953f813fa6649109421212d,train,REVIEW,strict
/root/autodl-tmp/datasets_raw/tcmp300_raw/train/262.Inula japonica Thunb./360eafd5192390cb7fba6416228942bf.jpg,262.Inula japonica Thunb.,86c6dd1e73316f6388e1fd2771309ee1f9f2bcc1467bcd1b56764a0dbfd22fc8,train,REVIEW,strict
/root/autodl-tmp/datasets_raw/tcmp300_raw/train/262.Inula japonica Thunb./bb51badeadae1fa8d3fa3d1cc8758233.jpeg,262.Inula japonica Thunb.,93a7fe83a16d969e81fd5f5b41f3278302ab4de997fd0660708983abcaa4e17f,train,CONFIRMED,strict
/root/autodl-tmp/datasets_raw/tcmp300_raw/train/263.Commelina communis L./1f524119a208b4028751e1528422921b.jpg,263.Commelina communis L.,9ec5be8faf3796bc32bbb4e528a75c74cc851851af1b2c2e2c9bcbca863c0035,train,CONFIRMED,strict
/root/autodl-tmp/datasets_raw/tcmp300_raw/train/263.Commelina communis L./31e4f8027747ee463968a46f3885ab0f.jpg,263.Commelina communis L.,5eac21ec8ca0b1c5e1cc392881566e30fffb29cce84d48dcfa27b78d5dc08435,train,CONFIRMED,strict
/root/autodl-tmp/datasets_raw/tcmp300_raw/train/263.Commelina communis L./37c10da82af7a822d15f775c10a4f12e.jpg,263.Commelina communis L.,fb4458a1619cd7f840478056d69be3c5cdf6c3dbf4917a650af11081d5cb5bbf,train,REVIEW,strict
/root/autodl-tmp/datasets_raw/tcmp300_raw/train/263.Commelina communis L./4b297a67048279ca6249429702b21cb1.jpg,263.Commelina communis L.,5eb21ad2c67c684d5dd5e91169e299c78ddda3c8cc2aa9ec5511142695d9e5f9,train,CONFIRMED,strict
/root/autodl-tmp/datasets_raw/tcmp300_raw/train/263.Commelina communis L./5a533925841e83a3f390019669065bc9.jpg,263.Commelina communis L.,42e7130a8a67ec39a787be57924f49d9fd67357be2ec9937cfaf77fb0737bd1b,train,CONFIRMED,strict
/root/autodl-tmp/datasets_raw/tcmp300_raw/train/263.Commelina communis L./77b4522d4db8d313f54f3212f981572d.jpeg,263.Commelina communis L.,5788ad90cb83adcb73efaf222310f58ddfb7017b3c7171ec7502cacc3c1823f0,train,CONFIRMED,strict
/root/autodl-tmp/datasets_raw/tcmp300_raw/train/263.Commelina communis L./8e8e04deeb4f1d874b44dd31b6cd3b24.jpg,263.Commelina communis L.,9683de3eea1d22b8f157e2eecb74e0f05a1c8fff2445cd419e1bae4c5063a655,train,CONFIRMED,strict
/root/autodl-tmp/datasets_raw/tcmp300_raw/train/263.Commelina communis L./d80b616446cbee35d84f669efe157524.jpg,263.Commelina communis L.,3ce01366fad82fcf74ff7b3bc2d6753c04b26874f1019a42bb5b6eeb68a2ea4f,train,REVIEW,strict
/root/autodl-tmp/datasets_raw/tcmp300_raw/train/263.Commelina communis L./dc325713c991a196fa35d7144c53d2a4.jpg,263.Commelina communis L.,4efe3d8ed79090e494f0f486357c3b522240a3e133b3e5ef252ab09797efb57b,train,REVIEW,strict
/root/autodl-tmp/datasets_raw/tcmp300_raw/train/263.Commelina communis L./df78253278b8836c83125b3303aecb76.jpg,263.Commelina communis L.,699dbc9f8fd9b0d4f7f4f7f63f166266d257768c24af1d670c2c340fefd4a250,train,CONFIRMED,strict
/root/autodl-tmp/datasets_raw/tcmp300_raw/train/263.Commelina communis L./e4396857971965229ee54a5dd34d7012.jpg,263.Commelina communis L.,601b7d174c436902de9d1737aac2ffbe316c8e851a23f293e0bc270053e5f128,train,CONFIRMED,strict
/root/autodl-tmp/datasets_raw/tcmp300_raw/train/263.Commelina communis L./ea7ba784a8a61be20b41a20605a852ed.jpeg,263.Commelina communis L.,d4f4a53f4a5e997dcb9862313b510285040e28a83381ff58864642d7a664d359,train,CONFIRMED,strict
/root/autodl-tmp/datasets_raw/tcmp300_raw/train/265.Rhus chinensis Mill./d9338926955123355c532866c1c4147d.jpg,265.Rhus chinensis Mill.,01655fbf51aa576eb2936e5809baf5cb579d001d8c46f24719287ff27811293a,train,REVIEW,strict
/root/autodl-tmp/datasets_raw/tcmp300_raw/train/266.Codonopsis lanceolata (Siebold & Zucc.) Trautv./763389a89f9d6baaab81528db9615a52.jpg,266.Codonopsis lanceolata (Siebold & Zucc.) Trautv.,ed5620516c325f0623c2526c8839567a8687b74151a1ff7c0b5ba470c1c4129c,train,REVIEW,strict
/root/autodl-tmp/datasets_raw/tcmp300_raw/train/266.Codonopsis lanceolata (Siebold & Zucc.) Trautv./d52182280e6527b317067b28f1348cc2.jpg,266.Codonopsis lanceolata (Siebold & Zucc.) Trautv.,d7e842a122019322fa3afd9f3ed6885ce0ffecc416706a4774b8943be93d0c54,train,REVIEW,strict
/root/autodl-tmp/datasets_raw/tcmp300_raw/train/267.Daucus carota L./124628d6667982e542be867ad6f43b4e.jpg,267.Daucus carota L.,c9eea6a95d80cbf764dd17c55fc35ff624b85ceceefd569845cc9fa8b0301685,train,CONFIRMED,strict
/root/autodl-tmp/datasets_raw/tcmp300_raw/train/267.Daucus carota L./5939f63aabf818baef206195b45403cf.jpg,267.Daucus carota L.,eeb86ef92b22092cccbb16419c504e31074d421eeababd973797f477e45281a6,train,CONFIRMED,strict
/root/autodl-tmp/datasets_raw/tcmp300_raw/train/268.Erigeron annuus (L.) Pers./076c7aaba5578412956643550e76333e.jpg,268.Erigeron annuus (L.) Pers.,dc9b57d1347e1fb978e031253e08868a75744432793379469ca47220ed113339,train,CONFIRMED,strict
/root/autodl-tmp/datasets_raw/tcmp300_raw/train/268.Erigeron annuus (L.) Pers./1fe3f916d27d6e1d93a88f9e693848fc.jpg,268.Erigeron annuus (L.) Pers.,6a761238d69cde6a29cc2084e9cd4cc545fc5aa45cd94a0d08bc3fd039004a72,train,CONFIRMED,strict
/root/autodl-tmp/datasets_raw/tcmp300_raw/train/268.Erigeron annuus (L.) Pers./22298a7ce6a2b5f4b076922104dd61f4.jpg,268.Erigeron annuus (L.) Pers.,bceca87b8bb213cc645b9dff598dd8e5f49080398b82102348a68d572f9e9b96,train,CONFIRMED,strict
/root/autodl-tmp/datasets_raw/tcmp300_raw/train/268.Erigeron annuus (L.) Pers./28ce562b20efddc8db41bb405c2953f8.jpg,268.Erigeron annuus (L.) Pers.,2d643d4e50fcb6d224bb622bbb11108473d429d8f4ddc89f7d21800bb3d8be09,train,CONFIRMED,strict
/root/autodl-tmp/datasets_raw/tcmp300_raw/train/270.Coix lacryma-jobi L./ca6a75cfcc9ca798b4c77dc2f99942de.jpg,270.Coix lacryma-jobi L.,2d62300442bda9819d38f6799f508cff0747b804ab24927927d14edfe2d83973,train,CONFIRMED,strict
/root/autodl-tmp/datasets_raw/tcmp300_raw/train/271.Pteroxygonum giraldii Damm. & Diels/2f094e6a86f408d38470e8cdbdbdcf15.jpg,271.Pteroxygonum giraldii Damm. & Diels,36b379fde7fa36de8c6ca2711ee14c126fd6847f75618cf84bcbe563a5466718,train,REVIEW,strict
/root/autodl-tmp/datasets_raw/tcmp300_raw/train/272.Sceptridium ternatum (Thunb.) Lyon/2f5a623e35396110d9e7199aebeb06bd.jpeg,272.Sceptridium ternatum (Thunb.) Lyon,16a0394cc920cbc0a94191e8468ddd2324da5f424fe3391fca227976b1ef1939,train,CONFIRMED,strict
/root/autodl-tmp/datasets_raw/tcmp300_raw/train/272.Sceptridium ternatum (Thunb.) Lyon/b0ad6154a11206a71538ba57886aef4f.jpg,272.Sceptridium ternatum (Thunb.) Lyon,acb827fa1d2e1ab910cda3720d32e5770e22506eafcf5d65a33303c9e30e50e0,train,REVIEW,strict
/root/autodl-tmp/datasets_raw/tcmp300_raw/train/273.Siphonostegia chinensis Benth./d581b294f276dd0bb3b54ee690ec9538.jpg,273.Siphonostegia chinensis Benth.,540af6e9e6ce1c8ee6598c4bd6c103b4f2e9e65cf465af250e136983ed18e1c8,train,REVIEW,strict
/root/autodl-tmp/datasets_raw/tcmp300_raw/train/273.Siphonostegia chinensis Benth./f2f687e89512b82c866ee86111c42f04.webp,273.Siphonostegia chinensis Benth.,5787b35ba07918eb40459a4509b57e1feac4079b0fb49e4ef66810e4af5d16cc,train,CONFIRMED,strict
/root/autodl-tmp/datasets_raw/tcmp300_raw/train/275.Ginkgo biloba L./19c3c992419e7e5b5ceeb6725f718932.jpg,275.Ginkgo biloba L.,482149c0227f4a3838350c788342f60a429837e1742ecf43c6f4f17fe322f8d5,train,CONFIRMED,strict
/root/autodl-tmp/datasets_raw/tcmp300_raw/train/275.Ginkgo biloba L./5e6888bdc46cd0ac4553662e9c03c30f.jpg,275.Ginkgo biloba L.,1619c27a2195f3415951e208968c6cdeb5d6428342c9de31432f044235ca2702,train,REVIEW,strict
/root/autodl-tmp/datasets_raw/tcmp300_raw/train/275.Ginkgo biloba L./75f2a4258180141f14619cc5a9dfe9d7.jpg,275.Ginkgo biloba L.,6a36b11546f14b96167ec4b2287b0bf3d529360c816f8e8de26ebdec8a1eca84,train,CONFIRMED,strict
/root/autodl-tmp/datasets_raw/tcmp300_raw/train/275.Ginkgo biloba L./c5b0d61e1b2665924f6fdf71b2207783.jpg,275.Ginkgo biloba L.,5ef21b2e44121ec0f7feceb307151eb6ada9552faf29de795f1d4104208036ab,train,REVIEW,strict
/root/autodl-tmp/datasets_raw/tcmp300_raw/train/275.Ginkgo biloba L./e374649e4127da78ab38582cba8eb041.jpg,275.Ginkgo biloba L.,5304e8a2784314c7b22bd8489ab88f8236d42532f6f12c5443beea9f648d64c5,train,CONFIRMED,strict
/root/autodl-tmp/datasets_raw/tcmp300_raw/train/276.Epimedium brevicornu Maxim./c665fd0a1bcda7faf430bb93bcf6812c.jpg,276.Epimedium brevicornu Maxim.,b32c8cab31e46ea602ae4a253daafba90be9d715c0399f501c47514f7ea5c555,train,REVIEW,strict
/root/autodl-tmp/datasets_raw/tcmp300_raw/train/277.Papaver somniferum L./0ed253c2dcf8cd37ceea4a588a1bc7df.jpg,277.Papaver somniferum L.,5eb155a2d3e7e76f76de9f8acfa64d48b526bb271442039bdeaa29ace93705f8,train,CONFIRMED,strict
/root/autodl-tmp/datasets_raw/tcmp300_raw/train/277.Papaver somniferum L./90a10fa30320f32c04ded90cbb572a6e.jpg,277.Papaver somniferum L.,68f39a914a208ae6846db42af1dd46877e7b6fafc6ff549817a2b766cf692527,train,CONFIRMED,strict
/root/autodl-tmp/datasets_raw/tcmp300_raw/train/277.Papaver somniferum L./dc6b61cdf58d8025ec286793b604d412.jpeg,277.Papaver somniferum L.,14c6e892a571d2e1a1c0515ca4df6833c5b93b12a26a624462293f9d74fa0620,train,CONFIRMED,strict
/root/autodl-tmp/datasets_raw/tcmp300_raw/train/278.Yulania denudata (Desr.) D. L. Fu/4a53f139c414e1791e2749294720f8d0.jpg,278.Yulania denudata (Desr.) D. L. Fu,0874d8f18577826bc077a79e1e282b40162c1a056818df32d90f587aae18a6b6,train,CONFIRMED,strict
/root/autodl-tmp/datasets_raw/tcmp300_raw/train/280.Iris tectorum Maxim./9a7fd7aa8cc5ebe1f5d21fc6b9d9b1d2.jpg,280.Iris tectorum Maxim.,5245762d98ded7acb77756c56dd887937db1a748005215553b6f2037b9545d89,train,CONFIRMED,strict
/root/autodl-tmp/datasets_raw/tcmp300_raw/train/281.Hypericum sampsonii Hance/92cad6b8a36967dfdc61046e310688b1.jpg,281.Hypericum sampsonii Hance,d7e30d3317e0b835209f6aad35906404acb3923d38edc01806da22cffa553978,train,REVIEW,strict
/root/autodl-tmp/datasets_raw/tcmp300_raw/train/281.Hypericum sampsonii Hance/b8642971e7c421dab266736202baa6cc.jpeg,281.Hypericum sampsonii Hance,dff6561e882f3bf85248627eb14bc94f268fd131d1c377cff97b67ea85d0f845,train,REVIEW,strict
/root/autodl-tmp/datasets_raw/tcmp300_raw/train/282.Daphne genkwa Siebold & Zucc./ddba09e6a9a96f7696fc4db9639e70d0.jpg,282.Daphne genkwa Siebold & Zucc.,6ecf0370d4af631f0f4ec5ddaca6bf6f60da7b5b16917891032b0f8a5b7b2f92,train,REVIEW,strict
/root/autodl-tmp/datasets_raw/tcmp300_raw/train/283.Polygala tenuifolia Willd./0863d6ed980ebb125e253ffe036d1a37.png,283.Polygala tenuifolia Willd.,b9eb0a883a0991b684a2911e0bb826c69eb1358e4be704866648d71f7181430b,train,REVIEW,strict
/root/autodl-tmp/datasets_raw/tcmp300_raw/train/283.Polygala tenuifolia Willd./31c6d9ef79300f5c65bd018168daf186.jpg,283.Polygala tenuifolia Willd.,98b11fe8fcd6f2185784b6d2292066585526f6fa3e6c6a22fa8a6ae493d366c2,train,CONFIRMED,strict
/root/autodl-tmp/datasets_raw/tcmp300_raw/train/283.Polygala tenuifolia Willd./33c56851bdc1947222181e038b3b2ba6.jpg,283.Polygala tenuifolia Willd.,891285844566b1c93c03e325381049ac50109b97b13bc4abea1277fc19c97079,train,REVIEW,strict
/root/autodl-tmp/datasets_raw/tcmp300_raw/train/283.Polygala tenuifolia Willd./37677fd618c7982be46e3b2593bc3a89.jpg,283.Polygala tenuifolia Willd.,544791d2a2dc6cdd31e6a46da2ed017b01145c18d783cd90eff8d3d3e396df07,train,CONFIRMED,strict
/root/autodl-tmp/datasets_raw/tcmp300_raw/train/283.Polygala tenuifolia Willd./80f12d6cb3067a4a1c8c653746b97cee.jpg,283.Polygala tenuifolia Willd.,8701ed9b46c39bcf0acbde1183247e74f4ef9753081a5176522a7a08e062b404,train,CONFIRMED,strict
/root/autodl-tmp/datasets_raw/tcmp300_raw/train/283.Polygala tenuifolia Willd./9e0c3a4b9cbdbc68dd2ad42add9cef61.jpg,283.Polygala tenuifolia Willd.,4fd798f3ea24abb41d421d604ad28ff71d4821e1a727f6ee7bcfe5c9dea8350f,train,CONFIRMED,strict
/root/autodl-tmp/datasets_raw/tcmp300_raw/train/285.Euphorbia helioscopia L./16b45adad96bfcb19161baed1a584069.jpg,285.Euphorbia helioscopia L.,20d24d5c11f7412f184717db3099ce59420e48f288ab01d828358ed0a676ea56,train,REVIEW,strict
/root/autodl-tmp/datasets_raw/tcmp300_raw/train/285.Euphorbia helioscopia L./23332ff8b06c72aa7839f269b995b1e3.jpg,285.Euphorbia helioscopia L.,e5e1e691ff1ca1bd8704827afb69ea9f266fcdf3bd5d36e371c256f0b0eaaf8a,train,REVIEW,strict
/root/autodl-tmp/datasets_raw/tcmp300_raw/train/285.Euphorbia helioscopia L./7a5b479471e1914f03122435c9891c24.jpeg,285.Euphorbia helioscopia L.,f9a720ed15eb77aba2e1bf29163679ca631302f88f7c59751fa509a181261727,train,REVIEW,strict
/root/autodl-tmp/datasets_raw/tcmp300_raw/train/285.Euphorbia helioscopia L./b83ddf282cf32f8241ecca9c60f5884e.jpg,285.Euphorbia helioscopia L.,7c73014545f2405609be19bac600c93040aba73349bd97f7f81f683741932978,train,CONFIRMED,strict
/root/autodl-tmp/datasets_raw/tcmp300_raw/train/285.Euphorbia helioscopia L./e009386943bbadc5bd29a26ab33623cc.jpg,285.Euphorbia helioscopia L.,e9576f348f91d9c9ca4c897ebb60e0c381e0e21e33d2c00cd3b757c14a6adbaa,train,CONFIRMED,strict
/root/autodl-tmp/datasets_raw/tcmp300_raw/train/285.Euphorbia helioscopia L./e610887334c4f82ecc1c29f5d1d0cf2f.jpg,285.Euphorbia helioscopia L.,811cc5db3ce97b7af02202252a539c3fcec2b8eef8282d388072cf981edf587b,train,CONFIRMED,strict
/root/autodl-tmp/datasets_raw/tcmp300_raw/train/286.Alisma plantago-aquatica L./7d6cc54061d4d772c51eea0a48d3f4e4.jpg,286.Alisma plantago-aquatica L.,6c057a6ec586201b21de2177dcab854c16bf76a87617072f012688960b09459c,train,CONFIRMED,strict
/root/autodl-tmp/datasets_raw/tcmp300_raw/train/286.Alisma plantago-aquatica L./8112a67935989af727f6fe74f2f73f0e.jpg,286.Alisma plantago-aquatica L.,2e7feb1f97d261a99b8661cfa1021bee142d2d41d9ca0136af80ec72cd032f73,train,CONFIRMED,strict
/root/autodl-tmp/datasets_raw/tcmp300_raw/train/286.Alisma plantago-aquatica L./f994ead71cb6e65898c5abe37d247c15.jpg,286.Alisma plantago-aquatica L.,1b3e7afb8f7152713eb02906a62e900769c0c82f9364b47842117ac3fd1b80ff,train,CONFIRMED,strict
/root/autodl-tmp/datasets_raw/tcmp300_raw/train/288.Fritillaria thunbergii Miq./6facc5899078fc60cb5b35c84f73c283.jpg,288.Fritillaria thunbergii Miq.,81a1cb69c71aedda5c82c97de41d5404f71c264e4dd98bdb83140899ea1dcdaf,train,REVIEW,strict
/root/autodl-tmp/datasets_raw/tcmp300_raw/train/288.Fritillaria thunbergii Miq./88f954414635e7f652a1ef6cca05ef09.webp,288.Fritillaria thunbergii Miq.,e1f3c46e24997bfc8dd21fe89ccbddd3ef06fde033f8e2f9b3bfbede67d791f9,train,CONFIRMED,strict
/root/autodl-tmp/datasets_raw/tcmp300_raw/train/289.Anemarrhena asphodeloides Bunge/8623cbeae139686b83318890a2372944.jpg,289.Anemarrhena asphodeloides Bunge,8f7f0f4116de9feb4d9b403378cc56c86acf036b58cf0195742a55605658a16c,train,REVIEW,strict
/root/autodl-tmp/datasets_raw/tcmp300_raw/train/289.Anemarrhena asphodeloides Bunge/87b10e0307fa72400abb54c6dafb476f.png,289.Anemarrhena asphodeloides Bunge,ddfdc2eb0587290242ecfb697172ac6ecdee40f16578fde0cdf5e6c1b56f372b,train,REVIEW,strict
/root/autodl-tmp/datasets_raw/tcmp300_raw/train/290.Gardenia  jasminoides J. Ellis/a6f564cafc4690f0e966b555c0d1fcf0.jpg,290.Gardenia  jasminoides J. Ellis,1923a46134e984074a7c94383a5a43a11d255c95951e0211fda6dcd10334cf68,train,CONFIRMED,strict
/root/autodl-tmp/datasets_raw/tcmp300_raw/train/290.Gardenia  jasminoides J. Ellis/cb5c344f9e498acb2e2cd1079c80b2d4.jpg,290.Gardenia  jasminoides J. Ellis,486a4bbb847100507d64364abc5cab52c2711b0794c43ffeb85566820924e8d9,train,CONFIRMED,strict
/root/autodl-tmp/datasets_raw/tcmp300_raw/train/290.Gardenia  jasminoides J. Ellis/f3ad7214549ee2298f9b4f865de8e1bb.jpg,290.Gardenia  jasminoides J. Ellis,ff18ca8954257eac42012b7437a3bbcd1c06cd016850ad566118cdc6af229a39,train,CONFIRMED,strict
/root/autodl-tmp/datasets_raw/tcmp300_raw/train/291.Ixeris chinensis (Thunb.) Nakai/60b79f35ef7c9a5fce693a7b1f69102b.jpg,291.Ixeris chinensis (Thunb.) Nakai,627dccb653b30c9271af4c4eeeabc2abcaeec00c83cf3007eea14c88621b8c98,train,REVIEW,strict
/root/autodl-tmp/datasets_raw/tcmp300_raw/train/293.Orychophragmus violaceus (L.) O. E. Schulz/537b88000b7932ef692c1183ec81b1da.jpg,293.Orychophragmus violaceus (L.) O. E. Schulz,b2946965a0d2a107f73ed135117a60886fc0c39b363d4c9064f40f128742a012,train,CONFIRMED,strict
/root/autodl-tmp/datasets_raw/tcmp300_raw/train/293.Orychophragmus violaceus (L.) O. E. Schulz/93280a61f37ae9a82b61e96548b06eab.jpeg,293.Orychophragmus violaceus (L.) O. E. Schulz,80973a201257c8ca84ad1924594856b24593cf4a556e965ef54d47cdcc2b4214,train,CONFIRMED,strict
/root/autodl-tmp/datasets_raw/tcmp300_raw/train/294.Lithospermum zollingeri A. DC./e57f5b100fc945e35dc37d8e539b91cb.jpg,294.Lithospermum zollingeri A. DC.,01681ec918a5900c3f04f2132c798b0ebe90fbcc3c5bccbe98a1225ade2f0b8e,train,CONFIRMED,strict
/root/autodl-tmp/datasets_raw/tcmp300_raw/train/295.Viola philippica Cav./663d4df07f06e3d4d6610ce94fb21be5.jpg,295.Viola philippica Cav.,e5c05f2858384058703f3af6e02982abd32e25fdd2af596165d17196241816ac,train,REVIEW,strict
/root/autodl-tmp/datasets_raw/tcmp300_raw/train/296.Angelica decursiva (Miq.) Franch. & Sav./1100391e80f5701916d5d0e402066fc0.jpeg,296.Angelica decursiva (Miq.) Franch. & Sav.,2c4d3c869bd48f7ec47d9017abf603dd876f43651a72bf94bc109584257cb719,train,REVIEW,strict
/root/autodl-tmp/datasets_raw/tcmp300_raw/train/296.Angelica decursiva (Miq.) Franch. & Sav./828a7354408c66ced2cd7305d820be4f.jpg,296.Angelica decursiva (Miq.) Franch. & Sav.,21a903fc51e483803f45833302dd391e3b312b0676204e0fc15449d2c117be09,train,REVIEW,strict
/root/autodl-tmp/datasets_raw/tcmp300_raw/train/297.Osmunda japonica Thunb./056decfaaf4baf69e7dc7cf543a6c675.jpg,297.Osmunda japonica Thunb.,8ab06735485dac19f6ad9723e3b983e2af5353dbfb7d19a1b9025be75db70116,train,REVIEW,strict
/root/autodl-tmp/datasets_raw/tcmp300_raw/train/297.Osmunda japonica Thunb./6d2e1f2f872e4b44724f0a70bf81c55b.jpeg,297.Osmunda japonica Thunb.,f94ab66680b706fc139e579e715c2fdab770db692e6a2990b5277d23ddcd33b6,train,REVIEW,strict
/root/autodl-tmp/datasets_raw/tcmp300_raw/train/299.Aster tataricus L. f./3cd70f271994be3dbdc3db6c172391cb.jpg,299.Aster tataricus L. f.,43b1f627f196ad95bdcdd013c49bcf0a7c7f121295371798eb6b32857e181800,train,CONFIRMED,strict
/root/autodl-tmp/datasets_raw/tcmp300_raw/train/300.Callicarpa bodinieri H. Lév./a382208d9ed320a9b4a21ffffa0522df.jpg,300.Callicarpa bodinieri H. Lév.,e18f12c07e9e5b108065c4a048d712d582d77a61781e4dfc32500631c81a7c12,train,CONFIRMED,strict
